claim_id,claim_family_id,claim_level,claim_type,dataset,cohort,feature_space,feature_family,pipeline,atlas,target,covariates,n_samples,n_features,roi,hemisphere,roi_group,anatomical_group,network,network_7_like,lobe,direction,evidence_metric,evidence_value,coefficient,t_value,p_value,q_value,claim_text,short_claim_text,criteria_passed,status,n_evaluation_pairs,best_overall_label,worst_overall_label,any_stable_and_transferable,any_fragile,max_evidence_spearman,median_evidence_spearman,min_support_jaccard,median_support_jaccard,best_transfer_label,max_auc_oriented,max_abs_transfer_corr,related_experiment_ids,high_concordance_fragile_support,stability_label,transfer_label,overall_label,evidence_spearman,support_jaccard,direction_retention_source_support,transfer_auc_oriented,transfer_spearman_corr,target_type,evaluation_category,feature_family_group,dataset_group,dedup_key,selection_score,selection_reason,review_priority,review_set
AIBL_BASELINE_FS8_CORTICAL_VOLUME_DX_CN_AD_266a22fefe_composite_main,AIBL_BASELINE_FS8_CORTICAL_VOLUME_DX_CN_AD_266a22fefe,composite,diagnosis_contrast,AIBL_baseline,pooled,fs8_cortical_volume,volume,freesurfer8,cortical_regions,diagnosis_binary_ad_cn,age; sex,1104,68,,,,,,,,lower,mean_abs_t,10.546128951545162,,,,,"AD is associated with lower cortical regional volume in temporal, parietal, and cingulate regions compared with CN, after adjustment for age, sex.","AD is associated with lower cortical regional volume in temporal, parietal, and cingulate regions compared with CN, after adjustment for age, sex.",True,supported,2,stable_and_transferable,stable_not_transferable,True,False,0.8747184792151772,0.7873592396075886,0.8181818181818182,0.9090909090909092,strong,0.7794241284915825,,E1_ADNI_TO_AIBL_VOLUME_TRANSFER; E6_FS8_VOLUME_VS_THICKNESS_SENSITIVITY,False,stable,strong,stable_and_transferable,0.8747184792151772,0.8181818181818182,1.0,0.7794241284915825,,diagnosis_or_cdr,stable_and_transferable,volume,AIBL_baseline,composite|diagnosis contrast|diagnosis binary ad cn|volume|nan|lower|ad is associated with lower cortical regional volume in temporal parietal and cingulate regions compared with cn after adjustment for age sex,8,claim_level:composite,1,llm_extended
AIBL_BASELINE_FS8_THICKNESS_SCHAEFER200_7_AGE_ddfc39d5dd_composite_main,AIBL_BASELINE_FS8_THICKNESS_SCHAEFER200_7_AGE_ddfc39d5dd,composite,age_association,AIBL_baseline,pooled,fs8_thickness_schaefer200_7,thickness,freesurfer8,schaefer200_7network,age,sex,1298,202,,,,,,,,altered,mean_abs_t,4.7609346912471375,,,,,"Older age is associated with altered Schaefer 200 7-network cortical thickness in Default, Limbic, and Cont network parcels, after adjustment for sex.","Older age is associated with altered Schaefer 200 7-network cortical thickness in Default, Limbic, and Cont network parcels, after adjustment for sex.",True,supported,4,fragile,insufficient,False,True,0.8999999999999998,0.7,1.0,1.0,insufficient,,,E5_FS8_THICKNESS_ATLAS_SENSITIVITY; E6_FS8_VOLUME_VS_THICKNESS_SENSITIVITY,True,moderate,insufficient,fragile,0.8999999999999998,1.0,0.6,,,age,high_concordance_fragile_support,thickness,AIBL_baseline,composite|age association|age|thickness|nan|altered|older age is associated with altered schaefer 200 7 network cortical thickness in default limbic and cont network parcels after adjustment for sex,8,claim_level:composite,2,llm_extended
ADNI_BASELINE_FS8_SUBCORTICAL_VOLUME_DX_CN_AD_fb416146ad_composite_main,ADNI_BASELINE_FS8_SUBCORTICAL_VOLUME_DX_CN_AD_fb416146ad,composite,diagnosis_contrast,ADNI_baseline,pooled,fs8_subcortical_volume,volume,freesurfer8,subcortical,diagnosis_binary_ad_cn,age; sex; education; icv,660,64,,,,,,,,lower,mean_abs_t,8.286137751181068,,,,,"AD is associated with lower subcortical volume in Left-Hippocampus, Right-Hippocampus, Left-Inf-Lat-Vent, Right-Inf-Lat-Vent, Right-Amygdala compared with CN, after adjustment for age, sex, education, icv.","AD is associated with lower subcortical volume in Left-Hippocampus, Right-Hippocampus, Left-Inf-Lat-Vent, Right-Inf-Lat-Vent, Right-Amygdala compared with CN, after adjustment for age, sex, education, icv.",True,supported,4,stable_and_transferable,insufficient,True,True,0.9809940174873448,0.925732127240644,0.1428571428571428,0.8181818181818182,strong,0.8837495544091634,,E1_ADNI_TO_AIBL_VOLUME_TRANSFER; E2_ADNI_TO_OASIS_VOLUME_TRANSFER; E4_FS8_VS_FASTSURFER_VOLUME_DRIFT; E6_FS8_VOLUME_VS_THICKNESS_SENSITIVITY,True,stable,strong,stable_and_transferable,0.9809940174873448,0.1428571428571428,1.0,0.8837495544091634,,diagnosis_or_cdr,high_concordance_fragile_support,volume,ADNI_baseline,composite|diagnosis contrast|diagnosis binary ad cn|volume|nan|lower|ad is associated with lower subcortical volume in left hippocampus right hippocampus left inf lat vent right inf lat vent right amygdala compared with cn after,8,claim_level:composite,3,llm_extended
ADNI_SPM_MATCHED_FS8_SCHAEFER7_DX_CN_AD_e23c09f7c3_composite_main,ADNI_SPM_MATCHED_FS8_SCHAEFER7_DX_CN_AD_e23c09f7c3,composite,diagnosis_contrast,ADNI_SPM_MATCHED,pooled,fs8_thickness_schaefer200_7,thickness,freesurfer8,schaefer200_7network,diagnosis_binary_ad_cn,age; sex; education,1554,202,,,,,,,,lower,mean_abs_t,14.293053887392452,,,,,"AD is associated with lower Schaefer 200 7-network cortical thickness in Default, Limbic, and Cont network parcels compared with CN, after adjustment for age, sex, education.","AD is associated with lower Schaefer 200 7-network cortical thickness in Default, Limbic, and Cont network parcels compared with CN, after adjustment for age, sex, education.",True,supported,2,stable_and_transferable,stable_not_transferable,True,False,0.8928571428571429,0.8565815086397986,0.6,0.8,strong,0.8132431379398369,,E3_FS8_VS_SPM_THICKNESS_DRIFT,False,stable,strong,stable_and_transferable,0.8928571428571429,0.6,1.0,0.8132431379398369,,diagnosis_or_cdr,stable_and_transferable,thickness,ADNI_SPM_MATCHED,composite|diagnosis contrast|diagnosis binary ad cn|thickness|nan|lower|ad is associated with lower schaefer 200 7 network cortical thickness in default limbic and cont network parcels compared with cn after adjustment for age sex e,8,claim_level:composite,4,llm_extended
ADNI_BASELINE_FS8_CORTICAL_VOLUME_DX_CN_AD_0f6485a0b6_composite_main,ADNI_BASELINE_FS8_CORTICAL_VOLUME_DX_CN_AD_0f6485a0b6,composite,diagnosis_contrast,ADNI_baseline,pooled,fs8_cortical_volume,volume,freesurfer8,cortical_regions,diagnosis_binary_ad_cn,age; sex; education; icv,660,68,,,,,,,,lower,mean_abs_t,11.867281428402489,,,,,"AD is associated with lower cortical regional volume in temporal and parietal regions compared with CN, after adjustment for age, sex, education, icv.","AD is associated with lower cortical regional volume in temporal and parietal regions compared with CN, after adjustment for age, sex, education, icv.",True,supported,4,stable_and_transferable,fragile,True,True,0.8775150462088591,0.8340267969614841,0.0526315789473684,0.7786561264822134,strong,0.7794241284915825,,E1_ADNI_TO_AIBL_VOLUME_TRANSFER; E2_ADNI_TO_OASIS_VOLUME_TRANSFER; E4_FS8_VS_FASTSURFER_VOLUME_DRIFT; E6_FS8_VOLUME_VS_THICKNESS_SENSITIVITY,True,stable,strong,stable_and_transferable,0.8775150462088591,0.0526315789473684,0.84375,0.7794241284915825,,diagnosis_or_cdr,high_concordance_fragile_support,volume,ADNI_baseline,composite|diagnosis contrast|diagnosis binary ad cn|volume|nan|lower|ad is associated with lower cortical regional volume in temporal and parietal regions compared with cn after adjustment for age sex education icv,8,claim_level:composite,5,llm_extended
AIBL_BASELINE_FS8_CORTICAL_VOLUME_MMSE_4d9e944bc0_composite_main,AIBL_BASELINE_FS8_CORTICAL_VOLUME_MMSE_4d9e944bc0,composite,mmse_association,AIBL_baseline,pooled,fs8_cortical_volume,volume,freesurfer8,cortical_regions,mmse,age; sex,1291,68,,,,,,,,higher,mean_abs_t,11.337641059855477,,,,,"Higher MMSE is associated with higher cortical regional volume in temporal, parietal, and occipital regions, after adjustment for age, sex.","Higher MMSE is associated with higher cortical regional volume in temporal, parietal, and occipital regions, after adjustment for age, sex.",True,supported,2,stable_and_transferable,stable_not_transferable,True,False,0.9082337672252546,0.8041168836126273,0.6666666666666666,0.8333333333333333,moderate,,0.2978303970666699,E1_ADNI_TO_AIBL_VOLUME_TRANSFER; E6_FS8_VOLUME_VS_THICKNESS_SENSITIVITY,False,stable,moderate,stable_and_transferable,0.9082337672252546,0.6666666666666666,1.0,,0.2978303970666699,mmse,stable_and_transferable,volume,AIBL_baseline,composite|mmse association|mmse|volume|nan|higher|higher mmse is associated with higher cortical regional volume in temporal parietal and occipital regions after adjustment for age sex,8,claim_level:composite,6,llm_extended
OASIS1_BASELINE_FS8_SUBCORTICAL_VOLUME_CDR_IMPAIRMENT_38946d7d18_composite_main,OASIS1_BASELINE_FS8_SUBCORTICAL_VOLUME_CDR_IMPAIRMENT_38946d7d18,composite,cdr_impairment_contrast,OASIS1_baseline,pooled,fs8_subcortical_volume,volume,freesurfer8,subcortical,diagnosis_binary_impairment_cdr,age; sex; education,235,64,,,,,,,,lower,mean_abs_t,4.287116403488893,,,,,"CDR-defined cognitive impairment is associated with lower subcortical volume in Right-Hippocampus, Right-Amygdala, Right-Inf-Lat-Vent, Left-Hippocampus, Left-Inf-Lat-Vent compared with CDR 0, after adjustment for age, sex, education.","CDR-defined cognitive impairment is associated with lower subcortical volume in Right-Hippocampus, Right-Amygdala, Right-Inf-Lat-Vent, Left-Hippocampus, Left-Inf-Lat-Vent compared with CDR 0, after adjustment for age, sex, education.",True,supported,2,stable_and_transferable,insufficient,True,False,0.8906627963231737,0.8906627963231737,0.8181818181818182,0.8181818181818182,strong,0.7974074074074075,,E2_ADNI_TO_OASIS_VOLUME_TRANSFER; E6_FS8_VOLUME_VS_THICKNESS_SENSITIVITY,False,stable,strong,stable_and_transferable,0.8906627963231737,0.8181818181818182,1.0,0.7974074074074075,,diagnosis_or_cdr,stable_and_transferable,volume,OASIS1_baseline,composite|cdr impairment contrast|diagnosis binary impairment cdr|volume|nan|lower|cdr defined cognitive impairment is associated with lower subcortical volume in right hippocampus right amygdala right inf lat vent left hippocampus left inf la,8,claim_level:composite,7,llm_extended
AIBL_BASELINE_FS8_SUBCORTICAL_VOLUME_DX_CN_MCI_2efad00881_composite_main,AIBL_BASELINE_FS8_SUBCORTICAL_VOLUME_DX_CN_MCI_2efad00881,composite,diagnosis_contrast,AIBL_baseline,pooled,fs8_subcortical_volume,volume,freesurfer8,subcortical,diagnosis_binary_mci_cn,age; sex,1131,64,,,,,,,,altered,mean_abs_t,4.817938317582505,,,,,"MCI is associated with altered subcortical volume in Left-Inf-Lat-Vent, Right-Inf-Lat-Vent, Right-Amygdala, Left-Amygdala, Right-Lateral-Ventricle compared with CN, after adjustment for age, sex.","MCI is associated with altered subcortical volume in Left-Inf-Lat-Vent, Right-Inf-Lat-Vent, Right-Amygdala, Left-Amygdala, Right-Lateral-Ventricle compared with CN, after adjustment for age, sex.",True,supported,2,stable_and_transferable,insufficient,True,False,0.8654855039116431,0.8654855039116431,0.6,0.6,moderate,0.6571208851751527,,E1_ADNI_TO_AIBL_VOLUME_TRANSFER; E6_FS8_VOLUME_VS_THICKNESS_SENSITIVITY,False,stable,moderate,stable_and_transferable,0.8654855039116431,0.6,1.0,0.6571208851751527,,diagnosis_or_cdr,stable_and_transferable,volume,AIBL_baseline,composite|diagnosis contrast|diagnosis binary mci cn|volume|nan|altered|mci is associated with altered subcortical volume in left inf lat vent right inf lat vent right amygdala left amygdala right lateral ventricle compared with cn,8,claim_level:composite,8,llm_extended
ADNI_SPM_MATCHED_FS8_SCHAEFER7_MMSE_198f984def_composite_main,ADNI_SPM_MATCHED_FS8_SCHAEFER7_MMSE_198f984def,composite,mmse_association,ADNI_SPM_MATCHED,pooled,fs8_thickness_schaefer200_7,thickness,freesurfer8,schaefer200_7network,mmse,age; sex; education,2892,202,,,,,,,,higher,mean_abs_t,16.06565628808095,,,,,"Higher MMSE is associated with higher Schaefer 200 7-network cortical thickness in Default, Limbic, and Cont network parcels, after adjustment for age, sex, education.","Higher MMSE is associated with higher Schaefer 200 7-network cortical thickness in Default, Limbic, and Cont network parcels, after adjustment for age, sex, education.",True,supported,2,stable_and_transferable,stable_not_transferable,True,False,0.9642857142857144,0.9098905984635667,0.5384615384615384,0.7692307692307692,strong,,0.4319838449947505,E3_FS8_VS_SPM_THICKNESS_DRIFT,False,stable,strong,stable_and_transferable,0.9642857142857144,0.5384615384615384,1.0,,0.4319838449947505,mmse,stable_and_transferable,thickness,ADNI_SPM_MATCHED,composite|mmse association|mmse|thickness|nan|higher|higher mmse is associated with higher schaefer 200 7 network cortical thickness in default limbic and cont network parcels after adjustment for age sex educatio,8,claim_level:composite,9,llm_extended
OASIS1_BASELINE_FS8_CORTICAL_VOLUME_MMSE_5e704a8ccb_composite_main,OASIS1_BASELINE_FS8_CORTICAL_VOLUME_MMSE_5e704a8ccb,composite,mmse_association,OASIS1_baseline,pooled,fs8_cortical_volume,volume,freesurfer8,cortical_regions,mmse,age; sex; education,235,68,,,,,,,,higher,mean_abs_t,4.87963670686375,,,,,"Higher MMSE is associated with higher cortical regional volume in temporal, parietal, and frontal regions, after adjustment for age, sex, education.","Higher MMSE is associated with higher cortical regional volume in temporal, parietal, and frontal regions, after adjustment for age, sex, education.",True,supported,2,stable_and_transferable,stable_not_transferable,True,False,0.7649349162117799,0.7324674581058899,0.6666666666666666,0.8333333333333333,strong,,0.392566854921748,E2_ADNI_TO_OASIS_VOLUME_TRANSFER; E6_FS8_VOLUME_VS_THICKNESS_SENSITIVITY,False,stable,strong,stable_and_transferable,0.7649349162117799,0.6666666666666666,1.0,,0.392566854921748,mmse,stable_and_transferable,volume,OASIS1_baseline,composite|mmse association|mmse|volume|nan|higher|higher mmse is associated with higher cortical regional volume in temporal parietal and frontal regions after adjustment for age sex education,8,claim_level:composite,10,llm_extended
ADNI_BASELINE_FS8_CORTICAL_VOLUME_MMSE_b901c0adbb_composite_main,ADNI_BASELINE_FS8_CORTICAL_VOLUME_MMSE_b901c0adbb,composite,mmse_association,ADNI_baseline,pooled,fs8_cortical_volume,volume,freesurfer8,cortical_regions,mmse,age; sex; education; icv,1272,68,,,,,,,,higher,mean_abs_t,12.705931821071252,,,,,"Higher MMSE is associated with higher cortical regional volume in temporal, parietal, and insula regions, after adjustment for age, sex, education, icv.","Higher MMSE is associated with higher cortical regional volume in temporal, parietal, and insula regions, after adjustment for age, sex, education, icv.",True,supported,4,stable_and_transferable,fragile,True,True,0.9082337672252546,0.8322546707170053,0.0526315789473684,0.6666666666666666,strong,,0.392566854921748,E1_ADNI_TO_AIBL_VOLUME_TRANSFER; E2_ADNI_TO_OASIS_VOLUME_TRANSFER; E4_FS8_VS_FASTSURFER_VOLUME_DRIFT; E6_FS8_VOLUME_VS_THICKNESS_SENSITIVITY,True,stable,strong,stable_and_transferable,0.9082337672252546,0.0526315789473684,0.8235294117647058,,0.392566854921748,mmse,high_concordance_fragile_support,volume,ADNI_baseline,composite|mmse association|mmse|volume|nan|higher|higher mmse is associated with higher cortical regional volume in temporal parietal and insula regions after adjustment for age sex education icv,8,claim_level:composite,11,llm_extended
ADNI_BASELINE_FS8_SUBCORTICAL_VOLUME_AGE_fa1c14f686_composite_main,ADNI_BASELINE_FS8_SUBCORTICAL_VOLUME_AGE_fa1c14f686,composite,age_association,ADNI_baseline,pooled,fs8_subcortical_volume,volume,freesurfer8,subcortical,age,sex; education; icv,1299,64,,,,,,,,lower,mean_abs_t,9.340244714564609,,,,,"Older age is associated with lower subcortical volume in 3rd-Ventricle, Left-Inf-Lat-Vent, Right-Inf-Lat-Vent, Left-Lateral-Ventricle, Right-Lateral-Ventricle, after adjustment for sex, education, icv.","Older age is associated with lower subcortical volume in 3rd-Ventricle, Left-Inf-Lat-Vent, Right-Inf-Lat-Vent, Left-Lateral-Ventricle, Right-Lateral-Ventricle, after adjustment for sex, education, icv.",True,supported,4,stable_and_transferable,insufficient,True,True,0.9496548550391168,0.9400711171573062,0.1764705882352941,0.6,strong,,0.8120652147517923,E1_ADNI_TO_AIBL_VOLUME_TRANSFER; E2_ADNI_TO_OASIS_VOLUME_TRANSFER; E4_FS8_VS_FASTSURFER_VOLUME_DRIFT; E6_FS8_VOLUME_VS_THICKNESS_SENSITIVITY,True,stable,strong,stable_and_transferable,0.9496548550391168,0.1764705882352941,1.0,,0.8120652147517923,age,high_concordance_fragile_support,volume,ADNI_baseline,composite|age association|age|volume|nan|lower|older age is associated with lower subcortical volume in 3rd ventricle left inf lat vent right inf lat vent left lateral ventricle right lateral ventricle after,8,claim_level:composite,12,llm_extended
ADNI_BASELINE_FS8_SUBCORTICAL_VOLUME_MMSE_6b265c44ab_composite_main,ADNI_BASELINE_FS8_SUBCORTICAL_VOLUME_MMSE_6b265c44ab,composite,mmse_association,ADNI_baseline,pooled,fs8_subcortical_volume,volume,freesurfer8,subcortical,mmse,age; sex; education; icv,1272,64,,,,,,,,higher,mean_abs_t,8.311285954784774,,,,,"Higher MMSE is associated with higher subcortical volume in Left-Inf-Lat-Vent, Left-Hippocampus, Right-Inf-Lat-Vent, Right-Hippocampus, Right-Amygdala, after adjustment for age, sex, education, icv.","Higher MMSE is associated with higher subcortical volume in Left-Inf-Lat-Vent, Left-Hippocampus, Right-Inf-Lat-Vent, Right-Hippocampus, Right-Amygdala, after adjustment for age, sex, education, icv.",True,supported,4,stable_and_transferable,insufficient,True,True,0.9679705476300048,0.912030317690695,0.1764705882352941,0.8181818181818182,strong,,0.4980881652530853,E1_ADNI_TO_AIBL_VOLUME_TRANSFER; E2_ADNI_TO_OASIS_VOLUME_TRANSFER; E4_FS8_VS_FASTSURFER_VOLUME_DRIFT; E6_FS8_VOLUME_VS_THICKNESS_SENSITIVITY,True,stable,strong,stable_and_transferable,0.9679705476300048,0.1764705882352941,1.0,,0.4980881652530853,mmse,high_concordance_fragile_support,volume,ADNI_baseline,composite|mmse association|mmse|volume|nan|higher|higher mmse is associated with higher subcortical volume in left inf lat vent left hippocampus right inf lat vent right hippocampus right amygdala after adjustm,8,claim_level:composite,13,llm_extended
OASIS1_BASELINE_FS8_SUBCORTICAL_VOLUME_AGE_4afe8f975c_composite_main,OASIS1_BASELINE_FS8_SUBCORTICAL_VOLUME_AGE_4afe8f975c,composite,age_association,OASIS1_baseline,pooled,fs8_subcortical_volume,volume,freesurfer8,subcortical,age,sex; education,235,64,,,,,,,,lower,mean_abs_t,8.68491555554147,,,,,"Older age is associated with lower subcortical volume in 3rd-Ventricle, CC_Mid_Anterior, Left-Hippocampus, CSF, CC_Mid_Posterior, after adjustment for sex, education.","Older age is associated with lower subcortical volume in 3rd-Ventricle, CC_Mid_Anterior, Left-Hippocampus, CSF, CC_Mid_Posterior, after adjustment for sex, education.",True,supported,2,stable_and_transferable,insufficient,True,False,0.905418480890179,0.905418480890179,0.6666666666666666,0.6666666666666666,strong,,0.8120652147517923,E2_ADNI_TO_OASIS_VOLUME_TRANSFER; E6_FS8_VOLUME_VS_THICKNESS_SENSITIVITY,False,stable,strong,stable_and_transferable,0.905418480890179,0.6666666666666666,1.0,,0.8120652147517923,age,stable_and_transferable,volume,OASIS1_baseline,composite|age association|age|volume|nan|lower|older age is associated with lower subcortical volume in 3rd ventricle cc mid anterior left hippocampus csf cc mid posterior after adjustment for sex education,8,claim_level:composite,14,llm_extended
AIBL_BASELINE_FS8_CORTICAL_VOLUME_AGE_afc8e85f81_composite_main,AIBL_BASELINE_FS8_CORTICAL_VOLUME_AGE_afc8e85f81,composite,age_association,AIBL_baseline,pooled,fs8_cortical_volume,volume,freesurfer8,cortical_regions,age,sex,1298,68,,,,,,,,lower,mean_abs_t,6.318493260531072,,,,,"Older age is associated with lower cortical regional volume in temporal, occipital, and frontal regions, after adjustment for sex.","Older age is associated with lower cortical regional volume in temporal, occipital, and frontal regions, after adjustment for sex.",True,supported,2,transferable_but_drifted,fragile,False,True,0.8999999999999998,0.6774687941367331,0.3333333333333333,0.6666666666666666,moderate,,0.2125863330376764,E1_ADNI_TO_AIBL_VOLUME_TRANSFER; E6_FS8_VOLUME_VS_THICKNESS_SENSITIVITY,True,moderate,moderate,transferable_but_drifted,0.8999999999999998,0.3333333333333333,0.7,,0.2125863330376764,age,high_concordance_fragile_support,volume,AIBL_baseline,composite|age association|age|volume|nan|lower|older age is associated with lower cortical regional volume in temporal occipital and frontal regions after adjustment for sex,8,claim_level:composite,15,llm_extended
ADNI_BASELINE_FS8_CORTICAL_VOLUME_DX_CN_MCI_33363e6dbd_composite_main,ADNI_BASELINE_FS8_CORTICAL_VOLUME_DX_CN_MCI_33363e6dbd,composite,diagnosis_contrast,ADNI_baseline,pooled,fs8_cortical_volume,volume,freesurfer8,cortical_regions,diagnosis_binary_mci_cn,age; sex; education; icv,997,68,,,,,,,,lower,mean_abs_t,5.155338966569458,,,,,"MCI is associated with lower cortical regional volume in temporal, parietal, and frontal regions compared with CN, after adjustment for age, sex, education, icv.","MCI is associated with lower cortical regional volume in temporal, parietal, and frontal regions compared with CN, after adjustment for age, sex, education, icv.",True,supported,3,fragile,insufficient,False,True,0.896351136964569,0.6528228423101882,0.0256410256410256,0.4814814814814814,weak,0.5672425947566304,,E1_ADNI_TO_AIBL_VOLUME_TRANSFER; E4_FS8_VS_FASTSURFER_VOLUME_DRIFT; E6_FS8_VOLUME_VS_THICKNESS_SENSITIVITY,True,fragile,weak,fragile,0.896351136964569,0.0256410256410256,0.1875,0.5672425947566304,,diagnosis_or_cdr,high_concordance_fragile_support,volume,ADNI_baseline,composite|diagnosis contrast|diagnosis binary mci cn|volume|nan|lower|mci is associated with lower cortical regional volume in temporal parietal and frontal regions compared with cn after adjustment for age sex education icv,8,claim_level:composite,16,llm_extended
AIBL_BASELINE_FS8_SUBCORTICAL_VOLUME_DX_CN_AD_c7233d1166_atomic_roi_Right-Accumbens-area,AIBL_BASELINE_FS8_SUBCORTICAL_VOLUME_DX_CN_AD_c7233d1166,atomic_roi,diagnosis_contrast,AIBL_baseline,pooled,fs8_subcortical_volume,volume,freesurfer8,subcortical,diagnosis_binary_ad_cn,age; sex,1104,64,Right-Accumbens-area,RH,basal_ganglia,basal_ganglia,,,,lower,t,-10.345947403730314,-0.8290378048412259,-10.345947403730314,5.290975014471193e-24,3.762471121401738e-23,"AD is associated with lower Right-Accumbens-area subcortical volume compared with CN, after adjustment for age, sex.","AD is associated with lower Right-Accumbens-area subcortical volume compared with CN, after adjustment for age, sex.",True,supported,2,stable_and_transferable,insufficient,True,False,0.9809940174873448,0.9809940174873448,0.9047619047619048,0.9047619047619048,strong,0.8837495544091634,,E1_ADNI_TO_AIBL_VOLUME_TRANSFER; E6_FS8_VOLUME_VS_THICKNESS_SENSITIVITY,False,stable,strong,stable_and_transferable,0.9809940174873448,0.9047619047619048,1.0,0.8837495544091634,,diagnosis_or_cdr,stable_and_transferable,volume,AIBL_baseline,atomic roi|diagnosis contrast|diagnosis binary ad cn|volume|right accumbens area|lower|ad is associated with lower right accumbens area subcortical volume compared with cn after adjustment for age sex,7,claim_level:atomic_roi,17,llm_extended
ADNI_SPM_MATCHED_SPM_THICKNESS_SCHAEFER200_7_DX_CN_AD_ddab764881_atomic_roi_RH_Default_Temp_2,ADNI_SPM_MATCHED_SPM_THICKNESS_SCHAEFER200_7_DX_CN_AD_ddab764881,atomic_roi,diagnosis_contrast,ADNI_SPM_MATCHED,pooled,spm_thickness_schaefer200_7,thickness,spm_cat12,schaefer200_7network,diagnosis_binary_ad_cn,age; sex; education,1554,202,RH_Default_Temp_2,RH,Default,temporal,Default,,temporal,lower,t,-24.095226654890787,-1.0633061851885688,-24.095226654890787,3.3073188256670113e-109,6.073440025315783e-108,"AD is associated with lower RH_Default_Temp_2 Schaefer 200 7-network cortical thickness compared with CN, after adjustment for age, sex, education.","AD is associated with lower RH_Default_Temp_2 Schaefer 200 7-network cortical thickness compared with CN, after adjustment for age, sex, education.",True,supported,2,stable_and_transferable,stable_not_transferable,True,False,1.0,0.9101529372112271,0.6,0.8,strong,0.8132431379398369,,E3_FS8_VS_SPM_THICKNESS_DRIFT,False,stable,strong,stable_and_transferable,1.0,0.6,1.0,0.8132431379398369,,diagnosis_or_cdr,stable_and_transferable,thickness,ADNI_SPM_MATCHED,atomic roi|diagnosis contrast|diagnosis binary ad cn|thickness|rh default temp 2|lower|ad is associated with lower rh default temp 2 schaefer 200 7 network cortical thickness compared with cn after adjustment for age sex education,7,claim_level:atomic_roi,18,llm_extended
ADNI_BASELINE_FS8_SUBCORTICAL_VOLUME_AGE_fa1c14f686_atomic_roi_CC_Mid_Posterior,ADNI_BASELINE_FS8_SUBCORTICAL_VOLUME_AGE_fa1c14f686,atomic_roi,age_association,ADNI_baseline,pooled,fs8_subcortical_volume,volume,freesurfer8,subcortical,age,sex; education; icv,1299,64,CC_Mid_Posterior,,corpus_callosum,corpus_callosum,,,,lower,t,-9.61840466294642,-0.2600683220118425,-9.61840466294642,3.3552213939255947e-21,1.9521288110112552e-20,"Older age is associated with lower CC_Mid_Posterior subcortical volume, after adjustment for sex, education, icv.","Older age is associated with lower CC_Mid_Posterior subcortical volume, after adjustment for sex, education, icv.",True,supported,4,stable_and_transferable,insufficient,True,True,0.9496548550391168,0.9400711171573062,0.1764705882352941,0.6,strong,,0.8120652147517923,E1_ADNI_TO_AIBL_VOLUME_TRANSFER; E2_ADNI_TO_OASIS_VOLUME_TRANSFER; E4_FS8_VS_FASTSURFER_VOLUME_DRIFT; E6_FS8_VOLUME_VS_THICKNESS_SENSITIVITY,True,stable,strong,stable_and_transferable,0.9496548550391168,0.1764705882352941,1.0,,0.8120652147517923,age,high_concordance_fragile_support,volume,ADNI_baseline,atomic roi|age association|age|volume|cc mid posterior|lower|older age is associated with lower cc mid posterior subcortical volume after adjustment for sex education icv,7,claim_level:atomic_roi,19,llm_extended
ADNI_SPM_MATCHED_FS8_SCHAEFER7_MMSE_198f984def_atomic_roi_LH_Default_Par_4,ADNI_SPM_MATCHED_FS8_SCHAEFER7_MMSE_198f984def,atomic_roi,mmse_association,ADNI_SPM_MATCHED,pooled,fs8_thickness_schaefer200_7,thickness,freesurfer8,schaefer200_7network,mmse,age; sex; education,2892,202,LH_Default_Par_4,LH,Default,unknown_subregion,Default,,unknown,higher,t,15.980424639835425,0.2883059649962805,15.980424639835425,3.7864774733182636e-55,9.560855620128616e-54,"Higher MMSE is associated with higher LH_Default_Par_4 Schaefer 200 7-network cortical thickness, after adjustment for age, sex, education.","Higher MMSE is associated with higher LH_Default_Par_4 Schaefer 200 7-network cortical thickness, after adjustment for age, sex, education.",True,supported,2,stable_and_transferable,stable_not_transferable,True,False,0.9642857142857144,0.9098905984635667,0.5384615384615384,0.7692307692307692,strong,,0.4319838449947505,E3_FS8_VS_SPM_THICKNESS_DRIFT,False,stable,strong,stable_and_transferable,0.9642857142857144,0.5384615384615384,1.0,,0.4319838449947505,mmse,stable_and_transferable,thickness,ADNI_SPM_MATCHED,atomic roi|mmse association|mmse|thickness|lh default par 4|higher|higher mmse is associated with higher lh default par 4 schaefer 200 7 network cortical thickness after adjustment for age sex education,7,claim_level:atomic_roi,20,llm_extended
ADNI_BASELINE_FS8_SUBCORTICAL_VOLUME_DX_CN_MCI_8a810a8b86_atomic_roi_CC_Anterior,ADNI_BASELINE_FS8_SUBCORTICAL_VOLUME_DX_CN_MCI_8a810a8b86,atomic_roi,diagnosis_contrast,ADNI_baseline,pooled,fs8_subcortical_volume,volume,freesurfer8,subcortical,diagnosis_binary_mci_cn,age; sex; education; icv,997,64,CC_Anterior,,corpus_callosum,corpus_callosum,,,,lower,t,-3.029021727273342,-0.1915805037107199,-3.029021727273342,0.0025170508611187,0.0123916350085845,"MCI is associated with lower CC_Anterior subcortical volume compared with CN, after adjustment for age, sex, education, icv.","MCI is associated with lower CC_Anterior subcortical volume compared with CN, after adjustment for age, sex, education, icv.",True,supported,3,stable_and_transferable,insufficient,True,True,0.94828134525475,0.9068834245831966,0.1428571428571428,0.3714285714285714,moderate,0.6571208851751527,,E1_ADNI_TO_AIBL_VOLUME_TRANSFER; E4_FS8_VS_FASTSURFER_VOLUME_DRIFT; E6_FS8_VOLUME_VS_THICKNESS_SENSITIVITY,True,stable,moderate,stable_and_transferable,0.94828134525475,0.1428571428571428,0.7647058823529411,0.6571208851751527,,diagnosis_or_cdr,high_concordance_fragile_support,volume,ADNI_baseline,atomic roi|diagnosis contrast|diagnosis binary mci cn|volume|cc anterior|lower|mci is associated with lower cc anterior subcortical volume compared with cn after adjustment for age sex education icv,7,claim_level:atomic_roi,21,llm_extended
AIBL_BASELINE_FS8_CORTICAL_VOLUME_DX_CN_AD_266a22fefe_atomic_roi_rh_bankssts,AIBL_BASELINE_FS8_CORTICAL_VOLUME_DX_CN_AD_266a22fefe,atomic_roi,diagnosis_contrast,AIBL_baseline,pooled,fs8_cortical_volume,volume,freesurfer8,cortical_regions,diagnosis_binary_ad_cn,age; sex,1104,68,rh_bankssts,RH,temporal,temporal,,,temporal,lower,t,-8.219822307296901,-0.6629942775668382,-8.219822307296901,5.693896882398745e-16,1.9359249400155737e-15,"AD is associated with lower rh_bankssts cortical regional volume compared with CN, after adjustment for age, sex.","AD is associated with lower rh_bankssts cortical regional volume compared with CN, after adjustment for age, sex.",True,supported,2,stable_and_transferable,stable_not_transferable,True,False,0.8747184792151772,0.7873592396075886,0.8181818181818182,0.9090909090909092,strong,0.7794241284915825,,E1_ADNI_TO_AIBL_VOLUME_TRANSFER; E6_FS8_VOLUME_VS_THICKNESS_SENSITIVITY,False,stable,strong,stable_and_transferable,0.8747184792151772,0.8181818181818182,1.0,0.7794241284915825,,diagnosis_or_cdr,stable_and_transferable,volume,AIBL_baseline,atomic roi|diagnosis contrast|diagnosis binary ad cn|volume|rh bankssts|lower|ad is associated with lower rh bankssts cortical regional volume compared with cn after adjustment for age sex,7,claim_level:atomic_roi,22,llm_extended
OASIS1_BASELINE_FS8_CORTICAL_VOLUME_MMSE_5e704a8ccb_atomic_roi_rh_posteriorcingulate,OASIS1_BASELINE_FS8_CORTICAL_VOLUME_MMSE_5e704a8ccb,atomic_roi,mmse_association,OASIS1_baseline,pooled,fs8_cortical_volume,volume,freesurfer8,cortical_regions,mmse,age; sex; education,235,68,rh_posteriorcingulate,RH,cingulate,cingulate,,,cingulate,higher,t,3.513257815323809,0.212357166598259,3.513257815323809,0.0005328101737801,0.0013418922895203,"Higher MMSE is associated with higher rh_posteriorcingulate cortical regional volume, after adjustment for age, sex, education.","Higher MMSE is associated with higher rh_posteriorcingulate cortical regional volume, after adjustment for age, sex, education.",True,supported,2,stable_and_transferable,stable_not_transferable,True,False,0.7649349162117799,0.7324674581058899,0.6666666666666666,0.8333333333333333,strong,,0.392566854921748,E2_ADNI_TO_OASIS_VOLUME_TRANSFER; E6_FS8_VOLUME_VS_THICKNESS_SENSITIVITY,False,stable,strong,stable_and_transferable,0.7649349162117799,0.6666666666666666,1.0,,0.392566854921748,mmse,stable_and_transferable,volume,OASIS1_baseline,atomic roi|mmse association|mmse|volume|rh posteriorcingulate|higher|higher mmse is associated with higher rh posteriorcingulate cortical regional volume after adjustment for age sex education,7,claim_level:atomic_roi,23,llm_extended
ADNI_SPM_MATCHED_FS8_SCHAEFER7_DX_CN_AD_e23c09f7c3_atomic_roi_LH_Default_Temp_4,ADNI_SPM_MATCHED_FS8_SCHAEFER7_DX_CN_AD_e23c09f7c3,atomic_roi,diagnosis_contrast,ADNI_SPM_MATCHED,pooled,fs8_thickness_schaefer200_7,thickness,freesurfer8,schaefer200_7network,diagnosis_binary_ad_cn,age; sex; education,1554,202,LH_Default_Temp_4,LH,Default,temporal,Default,,temporal,lower,t,-12.19534725710082,-0.6065486282536493,-12.19534725710082,9.885166730467342e-33,9.508588950259062e-32,"AD is associated with lower LH_Default_Temp_4 Schaefer 200 7-network cortical thickness compared with CN, after adjustment for age, sex, education.","AD is associated with lower LH_Default_Temp_4 Schaefer 200 7-network cortical thickness compared with CN, after adjustment for age, sex, education.",True,supported,2,stable_and_transferable,stable_not_transferable,True,False,0.8928571428571429,0.8565815086397986,0.6,0.8,strong,0.8132431379398369,,E3_FS8_VS_SPM_THICKNESS_DRIFT,False,stable,strong,stable_and_transferable,0.8928571428571429,0.6,1.0,0.8132431379398369,,diagnosis_or_cdr,stable_and_transferable,thickness,ADNI_SPM_MATCHED,atomic roi|diagnosis contrast|diagnosis binary ad cn|thickness|lh default temp 4|lower|ad is associated with lower lh default temp 4 schaefer 200 7 network cortical thickness compared with cn after adjustment for age sex education,7,claim_level:atomic_roi,24,llm_extended
OASIS1_BASELINE_FS8_CORTICAL_VOLUME_CDR_IMPAIRMENT_9a4bc2fb06_atomic_roi_rh_bankssts,OASIS1_BASELINE_FS8_CORTICAL_VOLUME_CDR_IMPAIRMENT_9a4bc2fb06,atomic_roi,cdr_impairment_contrast,OASIS1_baseline,pooled,fs8_cortical_volume,volume,freesurfer8,cortical_regions,diagnosis_binary_impairment_cdr,age; sex; education,235,68,rh_bankssts,RH,temporal,temporal,,,temporal,lower,t,-3.2139572671374754,-0.4020462307326214,-3.2139572671374754,0.001496902431465,0.0059876097258602,"CDR-defined cognitive impairment is associated with lower rh_bankssts cortical regional volume compared with CDR 0, after adjustment for age, sex, education.","CDR-defined cognitive impairment is associated with lower rh_bankssts cortical regional volume compared with CDR 0, after adjustment for age, sex, education.",True,supported,2,stable_and_transferable,insufficient,True,False,0.793335114707791,0.6466675573538954,0.7391304347826086,0.8695652173913043,moderate,0.6854814814814815,,E2_ADNI_TO_OASIS_VOLUME_TRANSFER; E6_FS8_VOLUME_VS_THICKNESS_SENSITIVITY,False,stable,moderate,stable_and_transferable,0.793335114707791,0.7391304347826086,1.0,0.6854814814814815,,diagnosis_or_cdr,stable_and_transferable,volume,OASIS1_baseline,atomic roi|cdr impairment contrast|diagnosis binary impairment cdr|volume|rh bankssts|lower|cdr defined cognitive impairment is associated with lower rh bankssts cortical regional volume compared with cdr 0 after adjustment for age sex education,7,claim_level:atomic_roi,25,llm_extended
AIBL_BASELINE_FS8_SUBCORTICAL_VOLUME_DX_CN_AD_c7233d1166_atomic_roi_Left-Hippocampus,AIBL_BASELINE_FS8_SUBCORTICAL_VOLUME_DX_CN_AD_c7233d1166,atomic_roi,diagnosis_contrast,AIBL_baseline,pooled,fs8_subcortical_volume,volume,freesurfer8,subcortical,diagnosis_binary_ad_cn,age; sex,1104,64,Left-Hippocampus,LH,medial_temporal,medial_temporal,,,,lower,t,-19.929160834671336,-1.3766223014502357,-19.929160834671336,1.1072150807461608e-75,2.362058838925143e-74,"AD is associated with lower Left-Hippocampus subcortical volume compared with CN, after adjustment for age, sex.","AD is associated with lower Left-Hippocampus subcortical volume compared with CN, after adjustment for age, sex.",True,supported,2,stable_and_transferable,insufficient,True,False,0.9809940174873448,0.9809940174873448,0.9047619047619048,0.9047619047619048,strong,0.8837495544091634,,E1_ADNI_TO_AIBL_VOLUME_TRANSFER; E6_FS8_VOLUME_VS_THICKNESS_SENSITIVITY,False,stable,strong,stable_and_transferable,0.9809940174873448,0.9047619047619048,1.0,0.8837495544091634,,diagnosis_or_cdr,stable_and_transferable,volume,AIBL_baseline,atomic roi|diagnosis contrast|diagnosis binary ad cn|volume|left hippocampus|lower|ad is associated with lower left hippocampus subcortical volume compared with cn after adjustment for age sex,7,claim_level:atomic_roi,26,llm_extended
AIBL_BASELINE_FS8_CORTICAL_VOLUME_DX_CN_AD_266a22fefe_atomic_roi_lh_superiortemporal,AIBL_BASELINE_FS8_CORTICAL_VOLUME_DX_CN_AD_266a22fefe,atomic_roi,diagnosis_contrast,AIBL_baseline,pooled,fs8_cortical_volume,volume,freesurfer8,cortical_regions,diagnosis_binary_ad_cn,age; sex,1104,68,lh_superiortemporal,LH,temporal,temporal,,,temporal,lower,t,-9.425681978525407,-0.7217029465394931,-9.425681978525407,2.441748894230204e-20,1.3678667242736174e-19,"AD is associated with lower lh_superiortemporal cortical regional volume compared with CN, after adjustment for age, sex.","AD is associated with lower lh_superiortemporal cortical regional volume compared with CN, after adjustment for age, sex.",True,supported,2,stable_and_transferable,stable_not_transferable,True,False,0.8747184792151772,0.7873592396075886,0.8181818181818182,0.9090909090909092,strong,0.7794241284915825,,E1_ADNI_TO_AIBL_VOLUME_TRANSFER; E6_FS8_VOLUME_VS_THICKNESS_SENSITIVITY,False,stable,strong,stable_and_transferable,0.8747184792151772,0.8181818181818182,1.0,0.7794241284915825,,diagnosis_or_cdr,stable_and_transferable,volume,AIBL_baseline,atomic roi|diagnosis contrast|diagnosis binary ad cn|volume|lh superiortemporal|lower|ad is associated with lower lh superiortemporal cortical regional volume compared with cn after adjustment for age sex,7,claim_level:atomic_roi,27,llm_extended
AIBL_BASELINE_FS8_SUBCORTICAL_VOLUME_DX_CN_MCI_2efad00881_atomic_roi_CC_Mid_Posterior,AIBL_BASELINE_FS8_SUBCORTICAL_VOLUME_DX_CN_MCI_2efad00881,atomic_roi,diagnosis_contrast,AIBL_baseline,pooled,fs8_subcortical_volume,volume,freesurfer8,subcortical,diagnosis_binary_mci_cn,age; sex,1131,64,CC_Mid_Posterior,,corpus_callosum,corpus_callosum,,,,lower,t,-3.657512140617501,-0.2863812207650019,-3.657512140617501,0.0002664477528314,0.0015502414710194,"MCI is associated with lower CC_Mid_Posterior subcortical volume compared with CN, after adjustment for age, sex.","MCI is associated with lower CC_Mid_Posterior subcortical volume compared with CN, after adjustment for age, sex.",True,supported,2,stable_and_transferable,insufficient,True,False,0.8654855039116431,0.8654855039116431,0.6,0.6,moderate,0.6571208851751527,,E1_ADNI_TO_AIBL_VOLUME_TRANSFER; E6_FS8_VOLUME_VS_THICKNESS_SENSITIVITY,False,stable,moderate,stable_and_transferable,0.8654855039116431,0.6,1.0,0.6571208851751527,,diagnosis_or_cdr,stable_and_transferable,volume,AIBL_baseline,atomic roi|diagnosis contrast|diagnosis binary mci cn|volume|cc mid posterior|lower|mci is associated with lower cc mid posterior subcortical volume compared with cn after adjustment for age sex,7,claim_level:atomic_roi,28,llm_extended
OASIS1_BASELINE_FS8_CORTICAL_VOLUME_MMSE_5e704a8ccb_atomic_roi_lh_parahippocampal,OASIS1_BASELINE_FS8_CORTICAL_VOLUME_MMSE_5e704a8ccb,atomic_roi,mmse_association,OASIS1_baseline,pooled,fs8_cortical_volume,volume,freesurfer8,cortical_regions,mmse,age; sex; education,235,68,lh_parahippocampal,LH,temporal,temporal,,,temporal,higher,t,3.2653449109291084,0.2092067612164231,3.2653449109291084,0.0012600418810772,0.0029896058894536,"Higher MMSE is associated with higher lh_parahippocampal cortical regional volume, after adjustment for age, sex, education.","Higher MMSE is associated with higher lh_parahippocampal cortical regional volume, after adjustment for age, sex, education.",True,supported,2,stable_and_transferable,stable_not_transferable,True,False,0.7649349162117799,0.7324674581058899,0.6666666666666666,0.8333333333333333,strong,,0.392566854921748,E2_ADNI_TO_OASIS_VOLUME_TRANSFER; E6_FS8_VOLUME_VS_THICKNESS_SENSITIVITY,False,stable,strong,stable_and_transferable,0.7649349162117799,0.6666666666666666,1.0,,0.392566854921748,mmse,stable_and_transferable,volume,OASIS1_baseline,atomic roi|mmse association|mmse|volume|lh parahippocampal|higher|higher mmse is associated with higher lh parahippocampal cortical regional volume after adjustment for age sex education,7,claim_level:atomic_roi,29,llm_extended
ADNI_BASELINE_FS8_SUBCORTICAL_VOLUME_AGE_fa1c14f686_atomic_roi_CC_Anterior,ADNI_BASELINE_FS8_SUBCORTICAL_VOLUME_AGE_fa1c14f686,atomic_roi,age_association,ADNI_baseline,pooled,fs8_subcortical_volume,volume,freesurfer8,subcortical,age,sex; education; icv,1299,64,CC_Anterior,,corpus_callosum,corpus_callosum,,,,lower,t,-6.889058999701261,-0.1861581669201253,-6.889058999701261,8.74351384215985e-12,3.49740553686394e-11,"Older age is associated with lower CC_Anterior subcortical volume, after adjustment for sex, education, icv.","Older age is associated with lower CC_Anterior subcortical volume, after adjustment for sex, education, icv.",True,supported,4,stable_and_transferable,insufficient,True,True,0.9496548550391168,0.9400711171573062,0.1764705882352941,0.6,strong,,0.8120652147517923,E1_ADNI_TO_AIBL_VOLUME_TRANSFER; E2_ADNI_TO_OASIS_VOLUME_TRANSFER; E4_FS8_VS_FASTSURFER_VOLUME_DRIFT; E6_FS8_VOLUME_VS_THICKNESS_SENSITIVITY,True,stable,strong,stable_and_transferable,0.9496548550391168,0.1764705882352941,1.0,,0.8120652147517923,age,high_concordance_fragile_support,volume,ADNI_baseline,atomic roi|age association|age|volume|cc anterior|lower|older age is associated with lower cc anterior subcortical volume after adjustment for sex education icv,7,claim_level:atomic_roi,30,llm_extended
ADNI_SPM_MATCHED_SPM_THICKNESS_SCHAEFER200_7_DX_CN_AD_ddab764881_atomic_roi_RH_Limbic_TempPole_3,ADNI_SPM_MATCHED_SPM_THICKNESS_SCHAEFER200_7_DX_CN_AD_ddab764881,atomic_roi,diagnosis_contrast,ADNI_SPM_MATCHED,pooled,spm_thickness_schaefer200_7,thickness,spm_cat12,schaefer200_7network,diagnosis_binary_ad_cn,age; sex; education,1554,202,RH_Limbic_TempPole_3,RH,Limbic,temporal_pole,Limbic,,temporal,lower,t,-28.605996271515075,-1.192915224950279,-28.605996271515075,7.450747825876083e-145,1.5050510608269688e-142,"AD is associated with lower RH_Limbic_TempPole_3 Schaefer 200 7-network cortical thickness compared with CN, after adjustment for age, sex, education.","AD is associated with lower RH_Limbic_TempPole_3 Schaefer 200 7-network cortical thickness compared with CN, after adjustment for age, sex, education.",True,supported,2,stable_and_transferable,stable_not_transferable,True,False,1.0,0.9101529372112271,0.6,0.8,strong,0.8132431379398369,,E3_FS8_VS_SPM_THICKNESS_DRIFT,False,stable,strong,stable_and_transferable,1.0,0.6,1.0,0.8132431379398369,,diagnosis_or_cdr,stable_and_transferable,thickness,ADNI_SPM_MATCHED,atomic roi|diagnosis contrast|diagnosis binary ad cn|thickness|rh limbic temppole 3|lower|ad is associated with lower rh limbic temppole 3 schaefer 200 7 network cortical thickness compared with cn after adjustment for age sex education,7,claim_level:atomic_roi,31,llm_extended
ADNI_BASELINE_FASTSURFER_SUBCORTICAL_VOLUME_MMSE_f0bd89a08f_atomic_roi_Right-Inf-Lat-Vent,ADNI_BASELINE_FASTSURFER_SUBCORTICAL_VOLUME_MMSE_f0bd89a08f,atomic_roi,mmse_association,ADNI_baseline,pooled,fastsurfer_subcortical_volume,volume,fastsurfer,subcortical,mmse,age; sex; education; icv,1272,64,Right-Inf-Lat-Vent,RH,ventricle_csf,ventricle_csf,,,,lower,t,-8.503869730064618,-0.2144916499990622,-8.503869730064618,5.0984290894513505e-17,1.1981308360210677e-15,"Higher MMSE is associated with lower Right-Inf-Lat-Vent subcortical volume, after adjustment for age, sex, education, icv.","Higher MMSE is associated with lower Right-Inf-Lat-Vent subcortical volume, after adjustment for age, sex, education, icv.",True,supported,1,fragile,fragile,False,True,0.9060738346129618,0.9060738346129618,0.1764705882352941,0.1764705882352941,weak,,0.1128205267943267,E4_FS8_VS_FASTSURFER_VOLUME_DRIFT,True,fragile,weak,fragile,0.9060738346129618,0.1764705882352941,0.5625,,-0.1128205267943267,mmse,high_concordance_fragile_support,volume,ADNI_baseline,atomic roi|mmse association|mmse|volume|right inf lat vent|lower|higher mmse is associated with lower right inf lat vent subcortical volume after adjustment for age sex education icv,7,claim_level:atomic_roi,32,llm_extended
OASIS1_BASELINE_FS8_SUBCORTICAL_VOLUME_MMSE_543c6804cb_atomic_roi_Right-Lateral-Ventricle,OASIS1_BASELINE_FS8_SUBCORTICAL_VOLUME_MMSE_543c6804cb,atomic_roi,mmse_association,OASIS1_baseline,pooled,fs8_subcortical_volume,volume,freesurfer8,subcortical,mmse,age; sex; education,235,64,Right-Lateral-Ventricle,RH,ventricle_csf,ventricle_csf,,,,lower,t,-3.488196324749043,-0.2062036051760897,-3.488196324749043,0.0005825421433902,0.0016249859789307,"Higher MMSE is associated with lower Right-Lateral-Ventricle subcortical volume, after adjustment for age, sex, education.","Higher MMSE is associated with lower Right-Lateral-Ventricle subcortical volume, after adjustment for age, sex, education.",True,supported,2,stable_and_transferable,insufficient,True,False,0.912030317690695,0.912030317690695,0.8181818181818182,0.8181818181818182,strong,,0.4980881652530853,E2_ADNI_TO_OASIS_VOLUME_TRANSFER; E6_FS8_VOLUME_VS_THICKNESS_SENSITIVITY,False,stable,strong,stable_and_transferable,0.912030317690695,0.8181818181818182,1.0,,0.4980881652530853,mmse,stable_and_transferable,volume,OASIS1_baseline,atomic roi|mmse association|mmse|volume|right lateral ventricle|lower|higher mmse is associated with lower right lateral ventricle subcortical volume after adjustment for age sex education,7,claim_level:atomic_roi,33,llm_extended
OASIS1_BASELINE_FS8_CORTICAL_VOLUME_CDR_IMPAIRMENT_9a4bc2fb06_atomic_roi_rh_parahippocampal,OASIS1_BASELINE_FS8_CORTICAL_VOLUME_CDR_IMPAIRMENT_9a4bc2fb06,atomic_roi,cdr_impairment_contrast,OASIS1_baseline,pooled,fs8_cortical_volume,volume,freesurfer8,cortical_regions,diagnosis_binary_impairment_cdr,age; sex; education,235,68,rh_parahippocampal,RH,temporal,temporal,,,temporal,lower,t,-4.20006392975753,-0.551437574560952,-4.20006392975753,3.817421127339341e-05,0.0003264686361565,"CDR-defined cognitive impairment is associated with lower rh_parahippocampal cortical regional volume compared with CDR 0, after adjustment for age, sex, education.","CDR-defined cognitive impairment is associated with lower rh_parahippocampal cortical regional volume compared with CDR 0, after adjustment for age, sex, education.",True,supported,2,stable_and_transferable,insufficient,True,False,0.793335114707791,0.6466675573538954,0.7391304347826086,0.8695652173913043,moderate,0.6854814814814815,,E2_ADNI_TO_OASIS_VOLUME_TRANSFER; E6_FS8_VOLUME_VS_THICKNESS_SENSITIVITY,False,stable,moderate,stable_and_transferable,0.793335114707791,0.7391304347826086,1.0,0.6854814814814815,,diagnosis_or_cdr,stable_and_transferable,volume,OASIS1_baseline,atomic roi|cdr impairment contrast|diagnosis binary impairment cdr|volume|rh parahippocampal|lower|cdr defined cognitive impairment is associated with lower rh parahippocampal cortical regional volume compared with cdr 0 after adjustment for age sex education,7,claim_level:atomic_roi,34,llm_extended
ADNI_SPM_MATCHED_FS8_SCHAEFER7_DX_CN_AD_e23c09f7c3_atomic_roi_LH_Limbic_TempPole_4,ADNI_SPM_MATCHED_FS8_SCHAEFER7_DX_CN_AD_e23c09f7c3,atomic_roi,diagnosis_contrast,ADNI_SPM_MATCHED,pooled,fs8_thickness_schaefer200_7,thickness,freesurfer8,schaefer200_7network,diagnosis_binary_ad_cn,age; sex; education,1554,202,LH_Limbic_TempPole_4,LH,Limbic,temporal_pole,Limbic,,temporal,lower,t,-15.03017028164587,-0.7185600871867467,-15.03017028164587,9.142688254957515e-48,3.693646055002836e-46,"AD is associated with lower LH_Limbic_TempPole_4 Schaefer 200 7-network cortical thickness compared with CN, after adjustment for age, sex, education.","AD is associated with lower LH_Limbic_TempPole_4 Schaefer 200 7-network cortical thickness compared with CN, after adjustment for age, sex, education.",True,supported,2,stable_and_transferable,stable_not_transferable,True,False,0.8928571428571429,0.8565815086397986,0.6,0.8,strong,0.8132431379398369,,E3_FS8_VS_SPM_THICKNESS_DRIFT,False,stable,strong,stable_and_transferable,0.8928571428571429,0.6,1.0,0.8132431379398369,,diagnosis_or_cdr,stable_and_transferable,thickness,ADNI_SPM_MATCHED,atomic roi|diagnosis contrast|diagnosis binary ad cn|thickness|lh limbic temppole 4|lower|ad is associated with lower lh limbic temppole 4 schaefer 200 7 network cortical thickness compared with cn after adjustment for age sex education,7,claim_level:atomic_roi,35,llm_extended
AIBL_BASELINE_FS8_CORTICAL_VOLUME_DX_CN_AD_266a22fefe_atomic_roi_rh_superiorparietal,AIBL_BASELINE_FS8_CORTICAL_VOLUME_DX_CN_AD_266a22fefe,atomic_roi,diagnosis_contrast,AIBL_baseline,pooled,fs8_cortical_volume,volume,freesurfer8,cortical_regions,diagnosis_binary_ad_cn,age; sex,1104,68,rh_superiorparietal,RH,parietal,parietal,,,parietal,lower,t,-7.859662992791104,-0.6377998132956023,-7.859662992791104,9.138641277991463e-15,2.649185264576377e-14,"AD is associated with lower rh_superiorparietal cortical regional volume compared with CN, after adjustment for age, sex.","AD is associated with lower rh_superiorparietal cortical regional volume compared with CN, after adjustment for age, sex.",True,supported,2,stable_and_transferable,stable_not_transferable,True,False,0.8747184792151772,0.7873592396075886,0.8181818181818182,0.9090909090909092,strong,0.7794241284915825,,E1_ADNI_TO_AIBL_VOLUME_TRANSFER; E6_FS8_VOLUME_VS_THICKNESS_SENSITIVITY,False,stable,strong,stable_and_transferable,0.8747184792151772,0.8181818181818182,1.0,0.7794241284915825,,diagnosis_or_cdr,stable_and_transferable,volume,AIBL_baseline,atomic roi|diagnosis contrast|diagnosis binary ad cn|volume|rh superiorparietal|lower|ad is associated with lower rh superiorparietal cortical regional volume compared with cn after adjustment for age sex,7,claim_level:atomic_roi,36,llm_extended
ADNI_BASELINE_FS8_CORTICAL_VOLUME_DX_CN_MCI_33363e6dbd_group_summary_temporal,ADNI_BASELINE_FS8_CORTICAL_VOLUME_DX_CN_MCI_33363e6dbd,group_summary,group_enrichment,ADNI_baseline,pooled,fs8_cortical_volume,volume,freesurfer8,cortical_regions,diagnosis_binary_mci_cn,age; sex; education; icv,997,68,,,temporal,temporal,,,temporal,lower,mean_abs_t,4.972966259977779,-0.2977269654792012,,,,"MCI-versus-CN effects are concentrated in temporal regions, where 16/18 regions meet support criteria.","MCI-versus-CN effects are concentrated in temporal regions, where 16/18 regions meet support criteria.",True,supported,3,fragile,insufficient,False,True,0.896351136964569,0.6528228423101882,0.0256410256410256,0.4814814814814814,weak,0.5672425947566304,,E1_ADNI_TO_AIBL_VOLUME_TRANSFER; E4_FS8_VS_FASTSURFER_VOLUME_DRIFT; E6_FS8_VOLUME_VS_THICKNESS_SENSITIVITY,True,fragile,weak,fragile,0.896351136964569,0.0256410256410256,0.1875,0.5672425947566304,,diagnosis_or_cdr,high_concordance_fragile_support,volume,ADNI_baseline,group summary|group enrichment|diagnosis binary mci cn|volume|nan|lower|mci versus cn effects are concentrated in temporal regions where 16 18 regions meet support criteria,7,claim_level:group_summary,37,llm_extended
AIBL_BASELINE_FS8_THICKNESS_SCHAEFER200_7_AGE_ddfc39d5dd_group_summary_Default,AIBL_BASELINE_FS8_THICKNESS_SCHAEFER200_7_AGE_ddfc39d5dd,group_summary,group_enrichment,AIBL_baseline,pooled,fs8_thickness_schaefer200_7,thickness,freesurfer8,schaefer200_7network,age,sex,1298,202,,,Default,prefrontal,Default,Default,frontal,higher,mean_abs_t,2.6221643206276517,0.0602416667730839,,,,"Age-associated effects are concentrated in Default network parcels, where 3/8 regions meet support criteria.","Age-associated effects are concentrated in Default network parcels, where 3/8 regions meet support criteria.",True,supported,4,fragile,insufficient,False,True,0.8999999999999998,0.7,1.0,1.0,insufficient,,,E5_FS8_THICKNESS_ATLAS_SENSITIVITY; E6_FS8_VOLUME_VS_THICKNESS_SENSITIVITY,True,moderate,insufficient,fragile,0.8999999999999998,1.0,0.6,,,age,high_concordance_fragile_support,thickness,AIBL_baseline,group summary|group enrichment|age|thickness|nan|higher|age associated effects are concentrated in default network parcels where 3 8 regions meet support criteria,7,claim_level:group_summary,38,llm_extended
AIBL_BASELINE_FS8_SUBCORTICAL_VOLUME_DX_CN_MCI_2efad00881_group_summary_ventricle_csf,AIBL_BASELINE_FS8_SUBCORTICAL_VOLUME_DX_CN_MCI_2efad00881,group_summary,group_enrichment,AIBL_baseline,pooled,fs8_subcortical_volume,volume,freesurfer8,subcortical,diagnosis_binary_mci_cn,age; sex,1131,64,,,ventricle_csf,ventricle_csf,,,,higher,mean_abs_t,4.273097427831655,0.2998800389237814,,,,"MCI-versus-CN effects are concentrated in ventricular/CSF-related regions, where 6/10 regions meet support criteria.","MCI-versus-CN effects are concentrated in ventricular/CSF-related regions, where 6/10 regions meet support criteria.",True,supported,2,stable_and_transferable,insufficient,True,False,0.8654855039116431,0.8654855039116431,0.6,0.6,moderate,0.6571208851751527,,E1_ADNI_TO_AIBL_VOLUME_TRANSFER; E6_FS8_VOLUME_VS_THICKNESS_SENSITIVITY,False,stable,moderate,stable_and_transferable,0.8654855039116431,0.6,1.0,0.6571208851751527,,diagnosis_or_cdr,stable_and_transferable,volume,AIBL_baseline,group summary|group enrichment|diagnosis binary mci cn|volume|nan|higher|mci versus cn effects are concentrated in ventricular csf related regions where 6 10 regions meet support criteria,7,claim_level:group_summary,39,llm_extended
ADNI_BASELINE_FS8_SUBCORTICAL_VOLUME_MMSE_6b265c44ab_group_summary_medial_temporal,ADNI_BASELINE_FS8_SUBCORTICAL_VOLUME_MMSE_6b265c44ab,group_summary,group_enrichment,ADNI_baseline,pooled,fs8_subcortical_volume,volume,freesurfer8,subcortical,mmse,age; sex; education; icv,1272,64,,,medial_temporal,medial_temporal,,,,higher,mean_abs_t,11.929709454169194,0.3102529281653318,,,,"MMSE-associated effects are concentrated in medial temporal structures, where 4/4 regions meet support criteria.","MMSE-associated effects are concentrated in medial temporal structures, where 4/4 regions meet support criteria.",True,supported,4,stable_and_transferable,insufficient,True,True,0.9679705476300048,0.912030317690695,0.1764705882352941,0.8181818181818182,strong,,0.4980881652530853,E1_ADNI_TO_AIBL_VOLUME_TRANSFER; E2_ADNI_TO_OASIS_VOLUME_TRANSFER; E4_FS8_VS_FASTSURFER_VOLUME_DRIFT; E6_FS8_VOLUME_VS_THICKNESS_SENSITIVITY,True,stable,strong,stable_and_transferable,0.9679705476300048,0.1764705882352941,1.0,,0.4980881652530853,mmse,high_concordance_fragile_support,volume,ADNI_baseline,group summary|group enrichment|mmse|volume|nan|higher|mmse associated effects are concentrated in medial temporal structures where 4 4 regions meet support criteria,7,claim_level:group_summary,40,llm_extended
AIBL_BASELINE_FS8_SUBCORTICAL_VOLUME_MMSE_f7441c7d7a_group_summary_ventricle_csf,AIBL_BASELINE_FS8_SUBCORTICAL_VOLUME_MMSE_f7441c7d7a,group_summary,group_enrichment,AIBL_baseline,pooled,fs8_subcortical_volume,volume,freesurfer8,subcortical,mmse,age; sex,1291,64,,,ventricle_csf,ventricle_csf,,,,lower,mean_abs_t,7.77037081735474,-0.1791502270774524,,,,"MMSE-associated effects are concentrated in ventricular/CSF-related regions, where 6/10 regions meet support criteria.","MMSE-associated effects are concentrated in ventricular/CSF-related regions, where 6/10 regions meet support criteria.",True,supported,2,stable_and_transferable,insufficient,True,False,0.9679705476300048,0.9679705476300048,0.9047619047619048,0.9047619047619048,strong,,0.4054304056271311,E1_ADNI_TO_AIBL_VOLUME_TRANSFER; E6_FS8_VOLUME_VS_THICKNESS_SENSITIVITY,False,stable,strong,stable_and_transferable,0.9679705476300048,0.9047619047619048,1.0,,0.4054304056271311,mmse,stable_and_transferable,volume,AIBL_baseline,group summary|group enrichment|mmse|volume|nan|lower|mmse associated effects are concentrated in ventricular csf related regions where 6 10 regions meet support criteria,7,claim_level:group_summary,41,llm_extended
AIBL_BASELINE_FS8_SUBCORTICAL_VOLUME_AGE_227148901e_group_summary_corpus_callosum,AIBL_BASELINE_FS8_SUBCORTICAL_VOLUME_AGE_227148901e,group_summary,group_enrichment,AIBL_baseline,pooled,fs8_subcortical_volume,volume,freesurfer8,subcortical,age,sex,1298,64,,,corpus_callosum,corpus_callosum,,,,lower,mean_abs_t,8.644577026693984,-0.2344775617755127,,,,"Age-associated effects are concentrated in corpus callosum regions, where 4/5 regions meet support criteria.","Age-associated effects are concentrated in corpus callosum regions, where 4/5 regions meet support criteria.",True,supported,2,stable_and_transferable,insufficient,True,False,0.9496548550391168,0.9496548550391168,0.6,0.6,strong,,0.4400297081046349,E1_ADNI_TO_AIBL_VOLUME_TRANSFER; E6_FS8_VOLUME_VS_THICKNESS_SENSITIVITY,False,stable,strong,stable_and_transferable,0.9496548550391168,0.6,1.0,,0.4400297081046349,age,stable_and_transferable,volume,AIBL_baseline,group summary|group enrichment|age|volume|nan|lower|age associated effects are concentrated in corpus callosum regions where 4 5 regions meet support criteria,7,claim_level:group_summary,42,llm_extended
ADNI_SPM_MATCHED_SPM_THICKNESS_SCHAEFER200_7_MMSE_ac6aba6146_group_summary_Default,ADNI_SPM_MATCHED_SPM_THICKNESS_SCHAEFER200_7_MMSE_ac6aba6146,group_summary,group_enrichment,ADNI_SPM_MATCHED,pooled,spm_thickness_schaefer200_7,thickness,spm_cat12,schaefer200_7network,mmse,age; sex; education,2892,202,,,Default,precuneus_pcc,Default,Default,cingulate,higher,mean_abs_t,20.360018637449517,0.3586162472719171,,,,"MMSE-associated effects are concentrated in Default network parcels, where 2/7 regions meet support criteria.","MMSE-associated effects are concentrated in Default network parcels, where 2/7 regions meet support criteria.",True,supported,2,stable_and_transferable,stable_not_transferable,True,False,0.9285714285714288,0.8920334556064239,0.5384615384615384,0.7692307692307692,strong,,0.4319838449947505,E3_FS8_VS_SPM_THICKNESS_DRIFT,False,stable,strong,stable_and_transferable,0.9285714285714288,0.5384615384615384,1.0,,0.4319838449947505,mmse,stable_and_transferable,thickness,ADNI_SPM_MATCHED,group summary|group enrichment|mmse|thickness|nan|higher|mmse associated effects are concentrated in default network parcels where 2 7 regions meet support criteria,7,claim_level:group_summary,43,llm_extended
ADNI_BASELINE_FS8_SUBCORTICAL_VOLUME_DX_CN_MCI_8a810a8b86_group_summary_medial_temporal,ADNI_BASELINE_FS8_SUBCORTICAL_VOLUME_DX_CN_MCI_8a810a8b86,group_summary,group_enrichment,ADNI_baseline,pooled,fs8_subcortical_volume,volume,freesurfer8,subcortical,diagnosis_binary_mci_cn,age; sex; education; icv,997,64,,,medial_temporal,medial_temporal,,,,lower,mean_abs_t,6.759921338491657,-0.4169083794843495,,,,"MCI-versus-CN effects are concentrated in medial temporal structures, where 4/4 regions meet support criteria.","MCI-versus-CN effects are concentrated in medial temporal structures, where 4/4 regions meet support criteria.",True,supported,3,stable_and_transferable,insufficient,True,True,0.94828134525475,0.9068834245831966,0.1428571428571428,0.3714285714285714,moderate,0.6571208851751527,,E1_ADNI_TO_AIBL_VOLUME_TRANSFER; E4_FS8_VS_FASTSURFER_VOLUME_DRIFT; E6_FS8_VOLUME_VS_THICKNESS_SENSITIVITY,True,stable,moderate,stable_and_transferable,0.94828134525475,0.1428571428571428,0.7647058823529411,0.6571208851751527,,diagnosis_or_cdr,high_concordance_fragile_support,volume,ADNI_baseline,group summary|group enrichment|diagnosis binary mci cn|volume|nan|lower|mci versus cn effects are concentrated in medial temporal structures where 4 4 regions meet support criteria,7,claim_level:group_summary,44,llm_extended
OASIS1_BASELINE_FS8_CORTICAL_VOLUME_MMSE_5e704a8ccb_group_summary_temporal,OASIS1_BASELINE_FS8_CORTICAL_VOLUME_MMSE_5e704a8ccb,group_summary,group_enrichment,OASIS1_baseline,pooled,fs8_cortical_volume,volume,freesurfer8,cortical_regions,mmse,age; sex; education,235,68,,,temporal,temporal,,,temporal,higher,mean_abs_t,4.4344187438337,0.2630943541374118,,,,"MMSE-associated effects are concentrated in temporal regions, where 12/18 regions meet support criteria.","MMSE-associated effects are concentrated in temporal regions, where 12/18 regions meet support criteria.",True,supported,2,stable_and_transferable,stable_not_transferable,True,False,0.7649349162117799,0.7324674581058899,0.6666666666666666,0.8333333333333333,strong,,0.392566854921748,E2_ADNI_TO_OASIS_VOLUME_TRANSFER; E6_FS8_VOLUME_VS_THICKNESS_SENSITIVITY,False,stable,strong,stable_and_transferable,0.7649349162117799,0.6666666666666666,1.0,,0.392566854921748,mmse,stable_and_transferable,volume,OASIS1_baseline,group summary|group enrichment|mmse|volume|nan|higher|mmse associated effects are concentrated in temporal regions where 12 18 regions meet support criteria,7,claim_level:group_summary,45,llm_extended
ADNI_BASELINE_FS8_CORTICAL_VOLUME_MMSE_b901c0adbb_group_summary_temporal,ADNI_BASELINE_FS8_CORTICAL_VOLUME_MMSE_b901c0adbb,group_summary,group_enrichment,ADNI_baseline,pooled,fs8_cortical_volume,volume,freesurfer8,cortical_regions,mmse,age; sex; education; icv,1272,68,,,temporal,temporal,,,temporal,higher,mean_abs_t,11.87045994046021,0.2969596004972541,,,,"MMSE-associated effects are concentrated in temporal regions, where 14/18 regions meet support criteria.","MMSE-associated effects are concentrated in temporal regions, where 14/18 regions meet support criteria.",True,supported,4,stable_and_transferable,fragile,True,True,0.9082337672252546,0.8322546707170053,0.0526315789473684,0.6666666666666666,strong,,0.392566854921748,E1_ADNI_TO_AIBL_VOLUME_TRANSFER; E2_ADNI_TO_OASIS_VOLUME_TRANSFER; E4_FS8_VS_FASTSURFER_VOLUME_DRIFT; E6_FS8_VOLUME_VS_THICKNESS_SENSITIVITY,True,stable,strong,stable_and_transferable,0.9082337672252546,0.0526315789473684,0.8235294117647058,,0.392566854921748,mmse,high_concordance_fragile_support,volume,ADNI_baseline,group summary|group enrichment|mmse|volume|nan|higher|mmse associated effects are concentrated in temporal regions where 14 18 regions meet support criteria,7,claim_level:group_summary,46,llm_extended
AIBL_BASELINE_FS8_SUBCORTICAL_VOLUME_DX_CN_MCI_2efad00881_ranking_top,AIBL_BASELINE_FS8_SUBCORTICAL_VOLUME_DX_CN_MCI_2efad00881,ranking,feature_ranking,AIBL_baseline,pooled,fs8_subcortical_volume,volume,freesurfer8,subcortical,diagnosis_binary_mci_cn,age; sex,1131,64,,,,,,,,,abs_t_rank,,,,,,"The top-ranked regions for the MCI-versus-CN contrast are Left-Inf-Lat-Vent, Right-Inf-Lat-Vent, Right-Amygdala, Left-Amygdala, Right-Lateral-Ventricle, Right-Hippocampus, Left-Hippocampus, Left-Lateral-Ventricle, CC_Central, CSF.","The top-ranked regions for the MCI-versus-CN contrast are Left-Inf-Lat-Vent, Right-Inf-Lat-Vent, Right-Amygdala, Left-Amygdala, Right-Lateral-Ventricle, Right-Hippocampus, Left-Hippocampus, Left-Lateral-Ventricle, CC_Central, CSF.",True,supported,2,stable_and_transferable,insufficient,True,False,0.8654855039116431,0.8654855039116431,0.6,0.6,moderate,0.6571208851751527,,E1_ADNI_TO_AIBL_VOLUME_TRANSFER; E6_FS8_VOLUME_VS_THICKNESS_SENSITIVITY,False,stable,moderate,stable_and_transferable,0.8654855039116431,0.6,1.0,0.6571208851751527,,diagnosis_or_cdr,stable_and_transferable,volume,AIBL_baseline,ranking|feature ranking|diagnosis binary mci cn|volume|nan|nan|the top ranked regions for the mci versus cn contrast are left inf lat vent right inf lat vent right amygdala left amygdala right lateral ventricle right hippoc,6,claim_level:ranking,47,llm_extended
OASIS1_BASELINE_FS8_CORTICAL_VOLUME_CDR_IMPAIRMENT_9a4bc2fb06_ranking_top,OASIS1_BASELINE_FS8_CORTICAL_VOLUME_CDR_IMPAIRMENT_9a4bc2fb06,ranking,feature_ranking,OASIS1_baseline,pooled,fs8_cortical_volume,volume,freesurfer8,cortical_regions,diagnosis_binary_impairment_cdr,age; sex; education,235,68,,,,,,,,,abs_t_rank,,,,,,"The top-ranked regions for CDR-defined impairment are rh_entorhinal, lh_inferiortemporal, lh_entorhinal, lh_middletemporal, rh_middletemporal, lh_precuneus, rh_parahippocampal, rh_precuneus, rh_superiortemporal, lh_inferiorparietal.","The top-ranked regions for CDR-defined impairment are rh_entorhinal, lh_inferiortemporal, lh_entorhinal, lh_middletemporal, rh_middletemporal, lh_precuneus, rh_parahippocampal, rh_precuneus, rh_superiortemporal, lh_inferiorparietal.",True,supported,2,stable_and_transferable,insufficient,True,False,0.793335114707791,0.6466675573538954,0.7391304347826086,0.8695652173913043,moderate,0.6854814814814815,,E2_ADNI_TO_OASIS_VOLUME_TRANSFER; E6_FS8_VOLUME_VS_THICKNESS_SENSITIVITY,False,stable,moderate,stable_and_transferable,0.793335114707791,0.7391304347826086,1.0,0.6854814814814815,,diagnosis_or_cdr,stable_and_transferable,volume,OASIS1_baseline,ranking|feature ranking|diagnosis binary impairment cdr|volume|nan|nan|the top ranked regions for cdr defined impairment are rh entorhinal lh inferiortemporal lh entorhinal lh middletemporal rh middletemporal lh precuneus rh parahi,6,claim_level:ranking,48,llm_extended
AIBL_BASELINE_FS8_SUBCORTICAL_VOLUME_DX_CN_AD_c7233d1166_ranking_top,AIBL_BASELINE_FS8_SUBCORTICAL_VOLUME_DX_CN_AD_c7233d1166,ranking,feature_ranking,AIBL_baseline,pooled,fs8_subcortical_volume,volume,freesurfer8,subcortical,diagnosis_binary_ad_cn,age; sex,1104,64,,,,,,,,,abs_t_rank,,,,,,"The top-ranked regions for the AD-versus-CN contrast are Left-Inf-Lat-Vent, Right-Inf-Lat-Vent, Left-Hippocampus, Right-Hippocampus, Right-Amygdala, Left-Amygdala, Right-Lateral-Ventricle, Left-Lateral-Ventricle, Right-Accumbens-area, Left-Accumbens-area.","The top-ranked regions for the AD-versus-CN contrast are Left-Inf-Lat-Vent, Right-Inf-Lat-Vent, Left-Hippocampus, Right-Hippocampus, Right-Amygdala, Left-Amygdala, Right-Lateral-Ventricle, Left-Lateral-Ventricle, Right-Accumbens-area, Left-Accumbens-area.",True,supported,2,stable_and_transferable,insufficient,True,False,0.9809940174873448,0.9809940174873448,0.9047619047619048,0.9047619047619048,strong,0.8837495544091634,,E1_ADNI_TO_AIBL_VOLUME_TRANSFER; E6_FS8_VOLUME_VS_THICKNESS_SENSITIVITY,False,stable,strong,stable_and_transferable,0.9809940174873448,0.9047619047619048,1.0,0.8837495544091634,,diagnosis_or_cdr,stable_and_transferable,volume,AIBL_baseline,ranking|feature ranking|diagnosis binary ad cn|volume|nan|nan|the top ranked regions for the ad versus cn contrast are left inf lat vent right inf lat vent left hippocampus right hippocampus right amygdala left amygdala ri,6,claim_level:ranking,49,llm_extended
AIBL_BASELINE_FS8_THICKNESS_SCHAEFER200_7_AGE_ddfc39d5dd_ranking_top,AIBL_BASELINE_FS8_THICKNESS_SCHAEFER200_7_AGE_ddfc39d5dd,ranking,feature_ranking,AIBL_baseline,pooled,fs8_thickness_schaefer200_7,thickness,freesurfer8,schaefer200_7network,age,sex,1298,202,,,,,,,,,abs_t_rank,,,,,,"The top-ranked regions for age association are LH_Limbic_TempPole_4, RH_Default_PFCdPFCm_2, RH_Limbic_OFC_1, RH_Limbic_OFC_3, LH_SomMot_1, LH_Default_PFC_2, LH_Limbic_TempPole_3, LH_Default_PFC_4, LH_Cont_Cing_1, RH_SalVentAttn_FrOperIns_1.","The top-ranked regions for age association are LH_Limbic_TempPole_4, RH_Default_PFCdPFCm_2, RH_Limbic_OFC_1, RH_Limbic_OFC_3, LH_SomMot_1, LH_Default_PFC_2, LH_Limbic_TempPole_3, LH_Default_PFC_4, LH_Cont_Cing_1, RH_SalVentAttn_FrOperIns_1.",True,supported,4,fragile,insufficient,False,True,0.8999999999999998,0.7,1.0,1.0,insufficient,,,E5_FS8_THICKNESS_ATLAS_SENSITIVITY; E6_FS8_VOLUME_VS_THICKNESS_SENSITIVITY,True,moderate,insufficient,fragile,0.8999999999999998,1.0,0.6,,,age,high_concordance_fragile_support,thickness,AIBL_baseline,ranking|feature ranking|age|thickness|nan|nan|the top ranked regions for age association are lh limbic temppole 4 rh default pfcdpfcm 2 rh limbic ofc 1 rh limbic ofc 3 lh sommot 1 lh default pfc 2 lh limbic,6,claim_level:ranking,50,llm_extended
ADNI_BASELINE_FASTSURFER_CORTICAL_VOLUME_DX_CN_MCI_85a5f25df2_ranking_top,ADNI_BASELINE_FASTSURFER_CORTICAL_VOLUME_DX_CN_MCI_85a5f25df2,ranking,feature_ranking,ADNI_baseline,pooled,fastsurfer_cortical_volume,volume,fastsurfer,cortical_regions,diagnosis_binary_mci_cn,age; sex; education; icv,997,68,,,,,,,,,abs_t_rank,,,,,,"The top-ranked regions for the MCI-versus-CN contrast are lh_pericalcarine, rh_pericalcarine, lh_cuneus, rh_postcentral, lh_transversetemporal, rh_paracentral, rh_transversetemporal, lh_paracentral, lh_postcentral, rh_rostralanteriorcingulate.","The top-ranked regions for the MCI-versus-CN contrast are lh_pericalcarine, rh_pericalcarine, lh_cuneus, rh_postcentral, lh_transversetemporal, rh_paracentral, rh_transversetemporal, lh_paracentral, lh_postcentral, rh_rostralanteriorcingulate.",True,supported,1,fragile,fragile,False,True,0.896351136964569,0.896351136964569,0.0256410256410256,0.0256410256410256,weak,0.5672425947566304,,E4_FS8_VS_FASTSURFER_VOLUME_DRIFT,True,fragile,weak,fragile,0.896351136964569,0.0256410256410256,0.1875,0.5672425947566304,,diagnosis_or_cdr,high_concordance_fragile_support,volume,ADNI_baseline,ranking|feature ranking|diagnosis binary mci cn|volume|nan|nan|the top ranked regions for the mci versus cn contrast are lh pericalcarine rh pericalcarine lh cuneus rh postcentral lh transversetemporal rh paracentral rh tra,6,claim_level:ranking,51,llm_extended
ADNI_BASELINE_FASTSURFER_CORTICAL_VOLUME_MMSE_8d0cdf659c_ranking_top,ADNI_BASELINE_FASTSURFER_CORTICAL_VOLUME_MMSE_8d0cdf659c,ranking,feature_ranking,ADNI_baseline,pooled,fastsurfer_cortical_volume,volume,fastsurfer,cortical_regions,mmse,age; sex; education; icv,1272,68,,,,,,,,,abs_t_rank,,,,,,"The top-ranked regions for MMSE association are lh_entorhinal, rh_entorhinal, rh_pericalcarine, lh_pericalcarine, lh_paracentral, rh_caudalanteriorcingulate, rh_paracentral, rh_rostralanteriorcingulate, rh_precentral, rh_postcentral.","The top-ranked regions for MMSE association are lh_entorhinal, rh_entorhinal, rh_pericalcarine, lh_pericalcarine, lh_paracentral, rh_caudalanteriorcingulate, rh_paracentral, rh_rostralanteriorcingulate, rh_precentral, rh_postcentral.",True,supported,1,fragile,fragile,False,True,0.8995744252222306,0.8995744252222306,0.0526315789473684,0.0526315789473684,weak,,0.1332040953584957,E4_FS8_VS_FASTSURFER_VOLUME_DRIFT,True,fragile,weak,fragile,0.8995744252222306,0.0526315789473684,0.6470588235294118,,-0.1332040953584957,mmse,high_concordance_fragile_support,volume,ADNI_baseline,ranking|feature ranking|mmse|volume|nan|nan|the top ranked regions for mmse association are lh entorhinal rh entorhinal rh pericalcarine lh pericalcarine lh paracentral rh caudalanteriorcingulate rh parac,6,claim_level:ranking,52,llm_extended
OASIS1_BASELINE_FS8_SUBCORTICAL_VOLUME_LATENT_62bf6939e5_latent_axis_PC1,OASIS1_BASELINE_FS8_SUBCORTICAL_VOLUME_LATENT_62bf6939e5,latent_axis,latent_morphometry_axis,OASIS1_baseline,pooled,fs8_subcortical_volume,volume,freesurfer8,subcortical,,age; sex; education,235,64,,,,,,,,,explained_variance_ratio,0.3873031218765834,,,,,"An unsupervised morphometry axis explains 38.7% of variance and is dominated by SupraTentorialVolNotVent, TotalGrayVol, BrainSegVol, SegmentedTotalIntracranialVol, MaskVol.","An unsupervised morphometry axis explains 38.7% of variance and is dominated by SupraTentorialVolNotVent, TotalGrayVol, BrainSegVol, SegmentedTotalIntracranialVol, MaskVol.",True,supported,0,insufficient,insufficient,False,False,,,,,not_applicable,,,,False,insufficient,not_applicable,insufficient,,,,,,latent_or_normative,insufficient,volume,OASIS1_baseline,latent axis|latent morphometry axis|nan|volume|nan|nan|an unsupervised morphometry axis explains 38 7 of variance and is dominated by supratentorialvolnotvent totalgrayvol brainsegvol segmentedtotalintracranialvol m,4,claim_level:latent_axis,53,llm_extended
ADNI_BASELINE_FASTSURFER_CORTICAL_VOLUME_LATENT_cfc488de72_latent_axis_PC1,ADNI_BASELINE_FASTSURFER_CORTICAL_VOLUME_LATENT_cfc488de72,latent_axis,latent_morphometry_axis,ADNI_baseline,pooled,fastsurfer_cortical_volume,volume,fastsurfer,cortical_regions,,age; sex; education; icv,1299,68,,,,,,,,,explained_variance_ratio,0.8730601361721798,,,,,"An unsupervised morphometry axis explains 87.3% of variance and is dominated by frontal, parietal, and temporal regions.","An unsupervised morphometry axis explains 87.3% of variance and is dominated by frontal, parietal, and temporal regions.",True,supported,0,insufficient,insufficient,False,False,,,,,not_applicable,,,,False,insufficient,not_applicable,insufficient,,,,,,latent_or_normative,insufficient,volume,ADNI_baseline,latent axis|latent morphometry axis|nan|volume|nan|nan|an unsupervised morphometry axis explains 87 3 of variance and is dominated by frontal parietal and temporal regions,4,claim_level:latent_axis,54,llm_extended
AIBL_BASELINE_FS8_THICKNESS_YALE696_LATENT_133b99d71f_latent_axis_association_PC2_field_strength,AIBL_BASELINE_FS8_THICKNESS_YALE696_LATENT_133b99d71f,latent_axis_association,latent_axis_association,AIBL_baseline,pooled,fs8_thickness_yale696,thickness,freesurfer8,yale696,field_strength,age; sex,1298,150,,,,,,,,,spearman_or_cohens_d,0.5434706898659045,,,,,The unsupervised morphometry axis differs between group 1 and group 0 with standardized effect 0.543.,The unsupervised morphometry axis differs between group 1 and group 0 with standardized effect 0.543.,True,supported,0,insufficient,insufficient,False,False,,,,,not_applicable,,,,False,insufficient,not_applicable,insufficient,,,,,,latent_or_normative,insufficient,thickness,AIBL_baseline,latent axis association|latent axis association|field strength|thickness|nan|nan|the unsupervised morphometry axis differs between group 1 and group 0 with standardized effect 0 543,4,claim_level:latent_axis_association,55,llm_extended
OASIS1_BASELINE_FS8_CORTICAL_VOLUME_LATENT_1d5738ae3a_latent_axis_association_PC3_diagnosis_binary_impairment_cdr,OASIS1_BASELINE_FS8_CORTICAL_VOLUME_LATENT_1d5738ae3a,latent_axis_association,latent_axis_association,OASIS1_baseline,pooled,fs8_cortical_volume,volume,freesurfer8,cortical_regions,diagnosis_binary_impairment_cdr,age; sex; education,235,68,,,,,,,,,spearman_or_cohens_d,-0.4143762634198641,,,,,The unsupervised morphometry axis differs between group 1 and group 0 with standardized effect -0.414.,The unsupervised morphometry axis differs between group 1 and group 0 with standardized effect -0.414.,True,supported,0,insufficient,insufficient,False,False,,,,,not_applicable,,,,False,insufficient,not_applicable,insufficient,,,,,,latent_or_normative,insufficient,volume,OASIS1_baseline,latent axis association|latent axis association|diagnosis binary impairment cdr|volume|nan|nan|the unsupervised morphometry axis differs between group 1 and group 0 with standardized effect 0 414,4,claim_level:latent_axis_association,56,llm_extended
ADNI_BASELINE_FASTSURFER_SUBCORTICAL_VOLUME_NORMATIVE_DX_28a646ab83_normative_deviation_MCI,ADNI_BASELINE_FASTSURFER_SUBCORTICAL_VOLUME_NORMATIVE_DX_28a646ab83,normative_deviation,normative_deviation,ADNI_baseline,pooled,fastsurfer_subcortical_volume,volume,fastsurfer,subcortical,diagnosis_3class,age; sex; education; icv,602,64,,,,,,,,lower,mean_abs_z,9.338417726177305,,,,,"MCI shows normative deviation in subcortical volume, most prominently in Left-vessel, lhCortexVol, SurfaceHoles, rhSurfaceHoles, lhSurfaceHoles, relative to the CN reference.","MCI shows normative deviation in subcortical volume, most prominently in Left-vessel, lhCortexVol, SurfaceHoles, rhSurfaceHoles, lhSurfaceHoles, relative to the CN reference.",True,supported,0,insufficient,insufficient,False,False,,,,,not_applicable,,,,False,insufficient,not_applicable,insufficient,,,,,,latent_or_normative,insufficient,volume,ADNI_baseline,normative deviation|normative deviation|diagnosis 3class|volume|nan|lower|mci shows normative deviation in subcortical volume most prominently in left vessel lhcortexvol surfaceholes rhsurfaceholes lhsurfaceholes relative to the cn re,4,claim_level:normative_deviation,57,llm_extended
ADNI_BASELINE_FASTSURFER_CORTICAL_VOLUME_NORMATIVE_DX_3663c3e867_normative_deviation_AD,ADNI_BASELINE_FASTSURFER_CORTICAL_VOLUME_NORMATIVE_DX_3663c3e867,normative_deviation,normative_deviation,ADNI_baseline,pooled,fastsurfer_cortical_volume,volume,fastsurfer,cortical_regions,diagnosis_3class,age; sex; education; icv,265,68,,,,,,,,lower,mean_abs_z,9.287420263601454,,,,,"AD shows normative deviation in cortical regional volume, most prominently in temporal and frontal regions, relative to the CN reference.","AD shows normative deviation in cortical regional volume, most prominently in temporal and frontal regions, relative to the CN reference.",True,supported,0,insufficient,insufficient,False,False,,,,,not_applicable,,,,False,insufficient,not_applicable,insufficient,,,,,,latent_or_normative,insufficient,volume,ADNI_baseline,normative deviation|normative deviation|diagnosis 3class|volume|nan|lower|ad shows normative deviation in cortical regional volume most prominently in temporal and frontal regions relative to the cn reference,4,claim_level:normative_deviation,58,llm_extended
ADNI_BASELINE_FASTSURFER_SUBCORTICAL_VOLUME_NORMATIVE_DX_28a646ab83_normative_atomic_roi_AD_lhCortexVol,ADNI_BASELINE_FASTSURFER_SUBCORTICAL_VOLUME_NORMATIVE_DX_28a646ab83,normative_atomic_roi,normative_deviation,ADNI_baseline,pooled,fastsurfer_subcortical_volume,volume,fastsurfer,subcortical,diagnosis_3class,age; sex; education; icv,265,64,lhCortexVol,,global_brain_volume,global_brain_volume,,,,lower,mean_z,-9.287420263601454,-9.287420263601454,,,,AD shows normative deviation in lhCortexVol subcortical volume relative to the CN reference.,AD shows normative deviation in lhCortexVol subcortical volume relative to the CN reference.,True,supported,0,insufficient,insufficient,False,False,,,,,not_applicable,,,,False,insufficient,not_applicable,insufficient,,,,,,latent_or_normative,insufficient,volume,ADNI_baseline,normative atomic roi|normative deviation|diagnosis 3class|volume|lhcortexvol|lower|ad shows normative deviation in lhcortexvol subcortical volume relative to the cn reference,4,claim_level:normative_atomic_roi,59,llm_extended
ADNI_BASELINE_FASTSURFER_SUBCORTICAL_VOLUME_NORMATIVE_DX_28a646ab83_normative_atomic_roi_MCI_SegmentedTotalIntracranialVol,ADNI_BASELINE_FASTSURFER_SUBCORTICAL_VOLUME_NORMATIVE_DX_28a646ab83,normative_atomic_roi,normative_deviation,ADNI_baseline,pooled,fastsurfer_subcortical_volume,volume,fastsurfer,subcortical,diagnosis_3class,age; sex; education; icv,602,64,SegmentedTotalIntracranialVol,,global_brain_volume,global_brain_volume,,,,lower,mean_z,-9.338417726177305,-9.338417726177305,,,,MCI shows normative deviation in SegmentedTotalIntracranialVol subcortical volume relative to the CN reference.,MCI shows normative deviation in SegmentedTotalIntracranialVol subcortical volume relative to the CN reference.,True,supported,0,insufficient,insufficient,False,False,,,,,not_applicable,,,,False,insufficient,not_applicable,insufficient,,,,,,latent_or_normative,insufficient,volume,ADNI_baseline,normative atomic roi|normative deviation|diagnosis 3class|volume|segmentedtotalintracranialvol|lower|mci shows normative deviation in segmentedtotalintracranialvol subcortical volume relative to the cn reference,4,claim_level:normative_atomic_roi,60,llm_extended
ADNI_BASELINE_FASTSURFER_SUBCORTICAL_VOLUME_AGE_f50acbcf01_composite_main,ADNI_BASELINE_FASTSURFER_SUBCORTICAL_VOLUME_AGE_f50acbcf01,composite,age_association,ADNI_baseline,pooled,fastsurfer_subcortical_volume,volume,fastsurfer,subcortical,age,sex; education; icv,1299,64,,,,,,,,higher,mean_abs_t,8.746830217310208,,,,,"Older age is associated with higher subcortical volume in Left-Inf-Lat-Vent, WM-hypointensities, Left-Lateral-Ventricle, Right-Lateral-Ventricle, Right-Inf-Lat-Vent, after adjustment for sex, education, icv.","Older age is associated with higher subcortical volume in Left-Inf-Lat-Vent, WM-hypointensities, Left-Lateral-Ventricle, Right-Lateral-Ventricle, Right-Inf-Lat-Vent, after adjustment for sex, education, icv.",True,supported,1,fragile,fragile,False,True,0.9400711171573062,0.9400711171573062,0.1764705882352941,0.1764705882352941,weak,,0.1405618781356752,E4_FS8_VS_FASTSURFER_VOLUME_DRIFT,True,fragile,weak,fragile,0.9400711171573062,0.1764705882352941,0.3529411764705882,,-0.1405618781356752,age,high_concordance_fragile_support,volume,ADNI_baseline,composite|age association|age|volume|nan|higher|older age is associated with higher subcortical volume in left inf lat vent wm hypointensities left lateral ventricle right lateral ventricle right inf lat vent,8,llm_priority,61,llm_extended
ADNI_BASELINE_FASTSURFER_CORTICAL_VOLUME_DX_CN_MCI_85a5f25df2_composite_main,ADNI_BASELINE_FASTSURFER_CORTICAL_VOLUME_DX_CN_MCI_85a5f25df2,composite,diagnosis_contrast,ADNI_baseline,pooled,fastsurfer_cortical_volume,volume,fastsurfer,cortical_regions,diagnosis_binary_mci_cn,age; sex; education; icv,997,68,,,,,,,,higher,mean_abs_t,1.6170422726836329,,,,,"MCI is associated with higher cortical regional volume in occipital, frontal, and temporal regions compared with CN, after adjustment for age, sex, education, icv.","MCI is associated with higher cortical regional volume in occipital, frontal, and temporal regions compared with CN, after adjustment for age, sex, education, icv.",False,weak_support,1,fragile,fragile,False,True,0.896351136964569,0.896351136964569,0.0256410256410256,0.0256410256410256,weak,0.5672425947566304,,E4_FS8_VS_FASTSURFER_VOLUME_DRIFT,True,fragile,weak,fragile,0.896351136964569,0.0256410256410256,0.1875,0.5672425947566304,,diagnosis_or_cdr,high_concordance_fragile_support,volume,ADNI_baseline,composite|diagnosis contrast|diagnosis binary mci cn|volume|nan|higher|mci is associated with higher cortical regional volume in occipital frontal and temporal regions compared with cn after adjustment for age sex education icv,8,llm_priority,62,llm_extended
ADNI_BASELINE_FASTSURFER_SUBCORTICAL_VOLUME_MMSE_f0bd89a08f_composite_main,ADNI_BASELINE_FASTSURFER_SUBCORTICAL_VOLUME_MMSE_f0bd89a08f,composite,mmse_association,ADNI_baseline,pooled,fastsurfer_subcortical_volume,volume,fastsurfer,subcortical,mmse,age; sex; education; icv,1272,64,,,,,,,,lower,mean_abs_t,3.25538132715394,,,,,"Higher MMSE is associated with lower subcortical volume in Left-Inf-Lat-Vent, Right-Inf-Lat-Vent, Right-Lateral-Ventricle, Left-Lateral-Ventricle, WM-hypointensities, after adjustment for age, sex, education, icv.","Higher MMSE is associated with lower subcortical volume in Left-Inf-Lat-Vent, Right-Inf-Lat-Vent, Right-Lateral-Ventricle, Left-Lateral-Ventricle, WM-hypointensities, after adjustment for age, sex, education, icv.",True,supported,1,fragile,fragile,False,True,0.9060738346129618,0.9060738346129618,0.1764705882352941,0.1764705882352941,weak,,0.1128205267943267,E4_FS8_VS_FASTSURFER_VOLUME_DRIFT,True,fragile,weak,fragile,0.9060738346129618,0.1764705882352941,0.5625,,-0.1128205267943267,mmse,high_concordance_fragile_support,volume,ADNI_baseline,composite|mmse association|mmse|volume|nan|lower|higher mmse is associated with lower subcortical volume in left inf lat vent right inf lat vent right lateral ventricle left lateral ventricle wm hypointensitie,8,llm_priority,63,llm_extended
ADNI_BASELINE_FASTSURFER_SUBCORTICAL_VOLUME_DX_CN_MCI_07dcb324ee_composite_main,ADNI_BASELINE_FASTSURFER_SUBCORTICAL_VOLUME_DX_CN_MCI_07dcb324ee,composite,diagnosis_contrast,ADNI_baseline,pooled,fastsurfer_subcortical_volume,volume,fastsurfer,subcortical,diagnosis_binary_mci_cn,age; sex; education; icv,997,64,,,,,,,,higher,mean_abs_t,2.8219975605692724,,,,,"MCI is associated with higher subcortical volume in Right-Inf-Lat-Vent, Left-Inf-Lat-Vent, Left-Lateral-Ventricle, Right-Lateral-Ventricle, WM-hypointensities compared with CN, after adjustment for age, sex, education, icv.","MCI is associated with higher subcortical volume in Right-Inf-Lat-Vent, Left-Inf-Lat-Vent, Left-Lateral-Ventricle, Right-Lateral-Ventricle, WM-hypointensities compared with CN, after adjustment for age, sex, education, icv.",True,supported,1,fragile,fragile,False,True,0.94828134525475,0.94828134525475,0.1428571428571428,0.1428571428571428,weak,0.5575811655319581,,E4_FS8_VS_FASTSURFER_VOLUME_DRIFT,True,fragile,weak,fragile,0.94828134525475,0.1428571428571428,0.5294117647058824,0.5575811655319581,,diagnosis_or_cdr,high_concordance_fragile_support,volume,ADNI_baseline,composite|diagnosis contrast|diagnosis binary mci cn|volume|nan|higher|mci is associated with higher subcortical volume in right inf lat vent left inf lat vent left lateral ventricle right lateral ventricle wm hypointensities compa,8,llm_priority,64,llm_extended
ADNI_BASELINE_FASTSURFER_CORTICAL_VOLUME_MMSE_8d0cdf659c_composite_main,ADNI_BASELINE_FASTSURFER_CORTICAL_VOLUME_MMSE_8d0cdf659c,composite,mmse_association,ADNI_baseline,pooled,fastsurfer_cortical_volume,volume,fastsurfer,cortical_regions,mmse,age; sex; education; icv,1272,68,,,,,,,,lower,mean_abs_t,1.4625351454886275,,,,,"Higher MMSE is associated with lower cortical regional volume in frontal, occipital, and temporal regions, after adjustment for age, sex, education, icv.","Higher MMSE is associated with lower cortical regional volume in frontal, occipital, and temporal regions, after adjustment for age, sex, education, icv.",False,weak_support,1,fragile,fragile,False,True,0.8995744252222306,0.8995744252222306,0.0526315789473684,0.0526315789473684,weak,,0.1332040953584957,E4_FS8_VS_FASTSURFER_VOLUME_DRIFT,True,fragile,weak,fragile,0.8995744252222306,0.0526315789473684,0.6470588235294118,,-0.1332040953584957,mmse,high_concordance_fragile_support,volume,ADNI_baseline,composite|mmse association|mmse|volume|nan|lower|higher mmse is associated with lower cortical regional volume in frontal occipital and temporal regions after adjustment for age sex education icv,8,llm_priority,65,llm_extended
ADNI_BASELINE_FASTSURFER_CORTICAL_VOLUME_DX_CN_AD_5a4dc5a219_composite_main,ADNI_BASELINE_FASTSURFER_CORTICAL_VOLUME_DX_CN_AD_5a4dc5a219,composite,diagnosis_contrast,ADNI_baseline,pooled,fastsurfer_cortical_volume,volume,fastsurfer,cortical_regions,diagnosis_binary_ad_cn,age; sex; education; icv,660,68,,,,,,,,higher,mean_abs_t,1.9852890322864876,,,,,"AD is associated with higher cortical regional volume in frontal, temporal, and occipital regions compared with CN, after adjustment for age, sex, education, icv.","AD is associated with higher cortical regional volume in frontal, temporal, and occipital regions compared with CN, after adjustment for age, sex, education, icv.",False,weak_support,1,fragile,fragile,False,True,0.8775150462088591,0.8775150462088591,0.0526315789473684,0.0526315789473684,weak,0.5641391457507705,,E4_FS8_VS_FASTSURFER_VOLUME_DRIFT,True,fragile,weak,fragile,0.8775150462088591,0.0526315789473684,0.6875,0.5641391457507705,,diagnosis_or_cdr,high_concordance_fragile_support,volume,ADNI_baseline,composite|diagnosis contrast|diagnosis binary ad cn|volume|nan|higher|ad is associated with higher cortical regional volume in frontal temporal and occipital regions compared with cn after adjustment for age sex education icv,8,llm_priority,66,llm_extended
ADNI_BASELINE_FASTSURFER_SUBCORTICAL_VOLUME_DX_CN_AD_a6bd6756b7_composite_main,ADNI_BASELINE_FASTSURFER_SUBCORTICAL_VOLUME_DX_CN_AD_a6bd6756b7,composite,diagnosis_contrast,ADNI_baseline,pooled,fastsurfer_subcortical_volume,volume,fastsurfer,subcortical,diagnosis_binary_ad_cn,age; sex; education; icv,660,64,,,,,,,,higher,mean_abs_t,4.238227447493764,,,,,"AD is associated with higher subcortical volume in Right-Inf-Lat-Vent, Left-Inf-Lat-Vent, Right-Lateral-Ventricle, Left-Lateral-Ventricle, WM-hypointensities compared with CN, after adjustment for age, sex, education, icv.","AD is associated with higher subcortical volume in Right-Inf-Lat-Vent, Left-Inf-Lat-Vent, Right-Lateral-Ventricle, Left-Lateral-Ventricle, WM-hypointensities compared with CN, after adjustment for age, sex, education, icv.",True,supported,1,fragile,fragile,False,True,0.925732127240644,0.925732127240644,0.1428571428571428,0.1428571428571428,weak,0.547994715984148,,E4_FS8_VS_FASTSURFER_VOLUME_DRIFT,True,fragile,weak,fragile,0.925732127240644,0.1428571428571428,0.5625,0.547994715984148,,diagnosis_or_cdr,high_concordance_fragile_support,volume,ADNI_baseline,composite|diagnosis contrast|diagnosis binary ad cn|volume|nan|higher|ad is associated with higher subcortical volume in right inf lat vent left inf lat vent right lateral ventricle left lateral ventricle wm hypointensities compar,8,llm_priority,67,llm_extended
ADNI_BASELINE_FS8_SUBCORTICAL_VOLUME_DX_CN_MCI_8a810a8b86_composite_main,ADNI_BASELINE_FS8_SUBCORTICAL_VOLUME_DX_CN_MCI_8a810a8b86,composite,diagnosis_contrast,ADNI_baseline,pooled,fs8_subcortical_volume,volume,freesurfer8,subcortical,diagnosis_binary_mci_cn,age; sex; education; icv,997,64,,,,,,,,lower,mean_abs_t,4.27712117209502,,,,,"MCI is associated with lower subcortical volume in Left-Hippocampus, Right-Hippocampus, Right-Inf-Lat-Vent, Left-Inf-Lat-Vent, Left-Amygdala compared with CN, after adjustment for age, sex, education, icv.","MCI is associated with lower subcortical volume in Left-Hippocampus, Right-Hippocampus, Right-Inf-Lat-Vent, Left-Inf-Lat-Vent, Left-Amygdala compared with CN, after adjustment for age, sex, education, icv.",True,supported,3,stable_and_transferable,insufficient,True,True,0.94828134525475,0.9068834245831966,0.1428571428571428,0.3714285714285714,moderate,0.6571208851751527,,E1_ADNI_TO_AIBL_VOLUME_TRANSFER; E4_FS8_VS_FASTSURFER_VOLUME_DRIFT; E6_FS8_VOLUME_VS_THICKNESS_SENSITIVITY,True,stable,moderate,stable_and_transferable,0.94828134525475,0.1428571428571428,0.7647058823529411,0.6571208851751527,,diagnosis_or_cdr,high_concordance_fragile_support,volume,ADNI_baseline,composite|diagnosis contrast|diagnosis binary mci cn|volume|nan|lower|mci is associated with lower subcortical volume in left hippocampus right hippocampus right inf lat vent left inf lat vent left amygdala compared with cn after,8,llm_priority,68,llm_extended
ADNI_BASELINE_FS8_SUBCORTICAL_VOLUME_DX_CN_AD_fb416146ad_atomic_roi_Left-Lateral-Ventricle,ADNI_BASELINE_FS8_SUBCORTICAL_VOLUME_DX_CN_AD_fb416146ad,atomic_roi,diagnosis_contrast,ADNI_baseline,pooled,fs8_subcortical_volume,volume,freesurfer8,subcortical,diagnosis_binary_ad_cn,age; sex; education; icv,660,64,Left-Lateral-Ventricle,LH,ventricle_csf,ventricle_csf,,,,higher,t,8.101355020069917,0.512706134543442,8.101355020069917,2.669493222474995e-15,2.1355945779799962e-14,"AD is associated with higher Left-Lateral-Ventricle subcortical volume compared with CN, after adjustment for age, sex, education, icv.","AD is associated with higher Left-Lateral-Ventricle subcortical volume compared with CN, after adjustment for age, sex, education, icv.",True,supported,4,stable_and_transferable,insufficient,True,True,0.9809940174873448,0.925732127240644,0.1428571428571428,0.8181818181818182,strong,0.8837495544091634,,E1_ADNI_TO_AIBL_VOLUME_TRANSFER; E2_ADNI_TO_OASIS_VOLUME_TRANSFER; E4_FS8_VS_FASTSURFER_VOLUME_DRIFT; E6_FS8_VOLUME_VS_THICKNESS_SENSITIVITY,True,stable,strong,stable_and_transferable,0.9809940174873448,0.1428571428571428,1.0,0.8837495544091634,,diagnosis_or_cdr,high_concordance_fragile_support,volume,ADNI_baseline,atomic roi|diagnosis contrast|diagnosis binary ad cn|volume|left lateral ventricle|higher|ad is associated with higher left lateral ventricle subcortical volume compared with cn after adjustment for age sex education icv,7,llm_priority,69,llm_extended
ADNI_SPM_MATCHED_FS8_SCHAEFER7_DX_CN_AD_e23c09f7c3_atomic_roi_RH_Vis_2,ADNI_SPM_MATCHED_FS8_SCHAEFER7_DX_CN_AD_e23c09f7c3,atomic_roi,diagnosis_contrast,ADNI_SPM_MATCHED,pooled,fs8_thickness_schaefer200_7,thickness,freesurfer8,schaefer200_7network,diagnosis_binary_ad_cn,age; sex; education,1554,202,RH_Vis_2,RH,Vis,unknown_subregion,Vis,,unknown,lower,t,-11.314116410609808,-0.559421143956089,-11.314116410609808,1.4265315224265238e-28,1.067256916778362e-27,"AD is associated with lower RH_Vis_2 Schaefer 200 7-network cortical thickness compared with CN, after adjustment for age, sex, education.","AD is associated with lower RH_Vis_2 Schaefer 200 7-network cortical thickness compared with CN, after adjustment for age, sex, education.",True,supported,2,stable_and_transferable,stable_not_transferable,True,False,0.8928571428571429,0.8565815086397986,0.6,0.8,strong,0.8132431379398369,,E3_FS8_VS_SPM_THICKNESS_DRIFT,False,stable,strong,stable_and_transferable,0.8928571428571429,0.6,1.0,0.8132431379398369,,diagnosis_or_cdr,stable_and_transferable,thickness,ADNI_SPM_MATCHED,atomic roi|diagnosis contrast|diagnosis binary ad cn|thickness|rh vis 2|lower|ad is associated with lower rh vis 2 schaefer 200 7 network cortical thickness compared with cn after adjustment for age sex education,7,llm_priority,70,llm_extended
ADNI_SPM_MATCHED_SPM_THICKNESS_SCHAEFER200_7_MMSE_ac6aba6146_atomic_roi_RH_Default_Temp_1,ADNI_SPM_MATCHED_SPM_THICKNESS_SCHAEFER200_7_MMSE_ac6aba6146,atomic_roi,mmse_association,ADNI_SPM_MATCHED,pooled,spm_thickness_schaefer200_7,thickness,spm_cat12,schaefer200_7network,mmse,age; sex; education,2892,202,RH_Default_Temp_1,RH,Default,temporal,Default,,temporal,higher,t,23.3827107418122,0.3927319088000267,23.3827107418122,6.958573798302519e-111,8.268422983865347e-110,"Higher MMSE is associated with higher RH_Default_Temp_1 Schaefer 200 7-network cortical thickness, after adjustment for age, sex, education.","Higher MMSE is associated with higher RH_Default_Temp_1 Schaefer 200 7-network cortical thickness, after adjustment for age, sex, education.",True,supported,2,stable_and_transferable,stable_not_transferable,True,False,0.9285714285714288,0.8920334556064239,0.5384615384615384,0.7692307692307692,strong,,0.4319838449947505,E3_FS8_VS_SPM_THICKNESS_DRIFT,False,stable,strong,stable_and_transferable,0.9285714285714288,0.5384615384615384,1.0,,0.4319838449947505,mmse,stable_and_transferable,thickness,ADNI_SPM_MATCHED,atomic roi|mmse association|mmse|thickness|rh default temp 1|higher|higher mmse is associated with higher rh default temp 1 schaefer 200 7 network cortical thickness after adjustment for age sex education,7,llm_priority,71,llm_extended
ADNI_BASELINE_FS8_SUBCORTICAL_VOLUME_MMSE_6b265c44ab_atomic_roi_Right-Accumbens-area,ADNI_BASELINE_FS8_SUBCORTICAL_VOLUME_MMSE_6b265c44ab,atomic_roi,mmse_association,ADNI_baseline,pooled,fs8_subcortical_volume,volume,freesurfer8,subcortical,mmse,age; sex; education; icv,1272,64,Right-Accumbens-area,RH,basal_ganglia,basal_ganglia,,,,higher,t,7.794609973280169,0.2107136652127588,7.794609973280169,1.3402292182398542e-14,1.0721833745918833e-13,"Higher MMSE is associated with higher Right-Accumbens-area subcortical volume, after adjustment for age, sex, education, icv.","Higher MMSE is associated with higher Right-Accumbens-area subcortical volume, after adjustment for age, sex, education, icv.",True,supported,4,stable_and_transferable,insufficient,True,True,0.9679705476300048,0.912030317690695,0.1764705882352941,0.8181818181818182,strong,,0.4980881652530853,E1_ADNI_TO_AIBL_VOLUME_TRANSFER; E2_ADNI_TO_OASIS_VOLUME_TRANSFER; E4_FS8_VS_FASTSURFER_VOLUME_DRIFT; E6_FS8_VOLUME_VS_THICKNESS_SENSITIVITY,True,stable,strong,stable_and_transferable,0.9679705476300048,0.1764705882352941,1.0,,0.4980881652530853,mmse,high_concordance_fragile_support,volume,ADNI_baseline,atomic roi|mmse association|mmse|volume|right accumbens area|higher|higher mmse is associated with higher right accumbens area subcortical volume after adjustment for age sex education icv,7,llm_priority,72,llm_extended
ADNI_BASELINE_FS8_CORTICAL_VOLUME_DX_CN_MCI_33363e6dbd_atomic_roi_lh_middletemporal,ADNI_BASELINE_FS8_CORTICAL_VOLUME_DX_CN_MCI_33363e6dbd,atomic_roi,diagnosis_contrast,ADNI_baseline,pooled,fs8_cortical_volume,volume,freesurfer8,cortical_regions,diagnosis_binary_mci_cn,age; sex; education; icv,997,68,lh_middletemporal,LH,temporal,temporal,,,temporal,lower,t,-6.118222770831337,-0.3549909970557036,-6.118222770831337,1.360571718625266e-09,2.312971921662953e-08,"MCI is associated with lower lh_middletemporal cortical regional volume compared with CN, after adjustment for age, sex, education, icv.","MCI is associated with lower lh_middletemporal cortical regional volume compared with CN, after adjustment for age, sex, education, icv.",True,supported,3,fragile,insufficient,False,True,0.896351136964569,0.6528228423101882,0.0256410256410256,0.4814814814814814,weak,0.5672425947566304,,E1_ADNI_TO_AIBL_VOLUME_TRANSFER; E4_FS8_VS_FASTSURFER_VOLUME_DRIFT; E6_FS8_VOLUME_VS_THICKNESS_SENSITIVITY,True,fragile,weak,fragile,0.896351136964569,0.0256410256410256,0.1875,0.5672425947566304,,diagnosis_or_cdr,high_concordance_fragile_support,volume,ADNI_baseline,atomic roi|diagnosis contrast|diagnosis binary mci cn|volume|lh middletemporal|lower|mci is associated with lower lh middletemporal cortical regional volume compared with cn after adjustment for age sex education icv,7,llm_priority,73,llm_extended
ADNI_BASELINE_FS8_CORTICAL_VOLUME_MMSE_b901c0adbb_atomic_roi_rh_precuneus,ADNI_BASELINE_FS8_CORTICAL_VOLUME_MMSE_b901c0adbb,atomic_roi,mmse_association,ADNI_baseline,pooled,fs8_cortical_volume,volume,freesurfer8,cortical_regions,mmse,age; sex; education; icv,1272,68,rh_precuneus,RH,parietal,parietal,,,parietal,higher,t,10.931384183191064,0.2652342017903031,10.931384183191064,1.2127499949294737e-26,4.8509999797178947e-26,"Higher MMSE is associated with higher rh_precuneus cortical regional volume, after adjustment for age, sex, education, icv.","Higher MMSE is associated with higher rh_precuneus cortical regional volume, after adjustment for age, sex, education, icv.",True,supported,4,stable_and_transferable,fragile,True,True,0.9082337672252546,0.8322546707170053,0.0526315789473684,0.6666666666666666,strong,,0.392566854921748,E1_ADNI_TO_AIBL_VOLUME_TRANSFER; E2_ADNI_TO_OASIS_VOLUME_TRANSFER; E4_FS8_VS_FASTSURFER_VOLUME_DRIFT; E6_FS8_VOLUME_VS_THICKNESS_SENSITIVITY,True,stable,strong,stable_and_transferable,0.9082337672252546,0.0526315789473684,0.8235294117647058,,0.392566854921748,mmse,high_concordance_fragile_support,volume,ADNI_baseline,atomic roi|mmse association|mmse|volume|rh precuneus|higher|higher mmse is associated with higher rh precuneus cortical regional volume after adjustment for age sex education icv,7,llm_priority,74,llm_extended
ADNI_BASELINE_FS8_SUBCORTICAL_VOLUME_AGE_fa1c14f686_atomic_roi_Left-Amygdala,ADNI_BASELINE_FS8_SUBCORTICAL_VOLUME_AGE_fa1c14f686,atomic_roi,age_association,ADNI_baseline,pooled,fs8_subcortical_volume,volume,freesurfer8,subcortical,age,sex; education; icv,1299,64,Left-Amygdala,LH,medial_temporal,medial_temporal,,,,lower,t,-7.225184816796324,-0.1914429417529257,-7.225184816796324,8.521951251905009e-13,3.895749143728004e-12,"Older age is associated with lower Left-Amygdala subcortical volume, after adjustment for sex, education, icv.","Older age is associated with lower Left-Amygdala subcortical volume, after adjustment for sex, education, icv.",True,supported,4,stable_and_transferable,insufficient,True,True,0.9496548550391168,0.9400711171573062,0.1764705882352941,0.6,strong,,0.8120652147517923,E1_ADNI_TO_AIBL_VOLUME_TRANSFER; E2_ADNI_TO_OASIS_VOLUME_TRANSFER; E4_FS8_VS_FASTSURFER_VOLUME_DRIFT; E6_FS8_VOLUME_VS_THICKNESS_SENSITIVITY,True,stable,strong,stable_and_transferable,0.9496548550391168,0.1764705882352941,1.0,,0.8120652147517923,age,high_concordance_fragile_support,volume,ADNI_baseline,atomic roi|age association|age|volume|left amygdala|lower|older age is associated with lower left amygdala subcortical volume after adjustment for sex education icv,7,llm_priority,75,llm_extended
AIBL_BASELINE_FS8_THICKNESS_SCHAEFER200_7_AGE_ddfc39d5dd_atomic_roi_RH_Default_pCunPCC_3,AIBL_BASELINE_FS8_THICKNESS_SCHAEFER200_7_AGE_ddfc39d5dd,atomic_roi,age_association,AIBL_baseline,pooled,fs8_thickness_schaefer200_7,thickness,freesurfer8,schaefer200_7network,age,sex,1298,202,RH_Default_pCunPCC_3,RH,Default,precuneus_pcc,Default,,cingulate,higher,t,2.9151496920564512,0.0761364684792216,2.9151496920564512,0.0036163864592546,0.0245298216558749,"Older age is associated with higher RH_Default_pCunPCC_3 Schaefer 200 7-network cortical thickness, after adjustment for sex.","Older age is associated with higher RH_Default_pCunPCC_3 Schaefer 200 7-network cortical thickness, after adjustment for sex.",True,supported,4,fragile,insufficient,False,True,0.8999999999999998,0.7,1.0,1.0,insufficient,,,E5_FS8_THICKNESS_ATLAS_SENSITIVITY; E6_FS8_VOLUME_VS_THICKNESS_SENSITIVITY,True,moderate,insufficient,fragile,0.8999999999999998,1.0,0.6,,,age,high_concordance_fragile_support,thickness,AIBL_baseline,atomic roi|age association|age|thickness|rh default pcunpcc 3|higher|older age is associated with higher rh default pcunpcc 3 schaefer 200 7 network cortical thickness after adjustment for sex,7,llm_priority,76,llm_extended
ADNI_SPM_MATCHED_FS8_SCHAEFER7_MMSE_198f984def_atomic_roi_RH_SalVentAttn_FrOperIns_1,ADNI_SPM_MATCHED_FS8_SCHAEFER7_MMSE_198f984def,atomic_roi,mmse_association,ADNI_SPM_MATCHED,pooled,fs8_thickness_schaefer200_7,thickness,freesurfer8,schaefer200_7network,mmse,age; sex; education,2892,202,RH_SalVentAttn_FrOperIns_1,RH,SalVentAttn,operculo_insular,SalVentAttn,,insula,higher,t,15.181314733414744,0.2679868260704072,15.181314733414744,3.857262128542445e-50,5.1944463331038256e-49,"Higher MMSE is associated with higher RH_SalVentAttn_FrOperIns_1 Schaefer 200 7-network cortical thickness, after adjustment for age, sex, education.","Higher MMSE is associated with higher RH_SalVentAttn_FrOperIns_1 Schaefer 200 7-network cortical thickness, after adjustment for age, sex, education.",True,supported,2,stable_and_transferable,stable_not_transferable,True,False,0.9642857142857144,0.9098905984635667,0.5384615384615384,0.7692307692307692,strong,,0.4319838449947505,E3_FS8_VS_SPM_THICKNESS_DRIFT,False,stable,strong,stable_and_transferable,0.9642857142857144,0.5384615384615384,1.0,,0.4319838449947505,mmse,stable_and_transferable,thickness,ADNI_SPM_MATCHED,atomic roi|mmse association|mmse|thickness|rh salventattn froperins 1|higher|higher mmse is associated with higher rh salventattn froperins 1 schaefer 200 7 network cortical thickness after adjustment for age sex education,7,llm_priority,77,llm_extended
ADNI_BASELINE_FS8_SUBCORTICAL_VOLUME_AGE_fa1c14f686_group_summary_corpus_callosum,ADNI_BASELINE_FS8_SUBCORTICAL_VOLUME_AGE_fa1c14f686,group_summary,group_enrichment,ADNI_baseline,pooled,fs8_subcortical_volume,volume,freesurfer8,subcortical,age,sex; education; icv,1299,64,,,corpus_callosum,corpus_callosum,,,,lower,mean_abs_t,8.802981729056977,-0.2377717481860212,,,,"Age-associated effects are concentrated in corpus callosum regions, where 5/5 regions meet support criteria.","Age-associated effects are concentrated in corpus callosum regions, where 5/5 regions meet support criteria.",True,supported,4,stable_and_transferable,insufficient,True,True,0.9496548550391168,0.9400711171573062,0.1764705882352941,0.6,strong,,0.8120652147517923,E1_ADNI_TO_AIBL_VOLUME_TRANSFER; E2_ADNI_TO_OASIS_VOLUME_TRANSFER; E4_FS8_VS_FASTSURFER_VOLUME_DRIFT; E6_FS8_VOLUME_VS_THICKNESS_SENSITIVITY,True,stable,strong,stable_and_transferable,0.9496548550391168,0.1764705882352941,1.0,,0.8120652147517923,age,high_concordance_fragile_support,volume,ADNI_baseline,group summary|group enrichment|age|volume|nan|lower|age associated effects are concentrated in corpus callosum regions where 5 5 regions meet support criteria,7,llm_priority,78,llm_extended
ADNI_BASELINE_FS8_CORTICAL_VOLUME_MMSE_b901c0adbb_atomic_roi_lh_supramarginal,ADNI_BASELINE_FS8_CORTICAL_VOLUME_MMSE_b901c0adbb,atomic_roi,mmse_association,ADNI_baseline,pooled,fs8_cortical_volume,volume,freesurfer8,cortical_regions,mmse,age; sex; education; icv,1272,68,lh_supramarginal,LH,parietal,parietal,,,parietal,higher,t,11.8396678440959,0.2958081895452755,11.8396678440959,9.535779381843185e-31,5.4036083163778045e-30,"Higher MMSE is associated with higher lh_supramarginal cortical regional volume, after adjustment for age, sex, education, icv.","Higher MMSE is associated with higher lh_supramarginal cortical regional volume, after adjustment for age, sex, education, icv.",True,supported,4,stable_and_transferable,fragile,True,True,0.9082337672252546,0.8322546707170053,0.0526315789473684,0.6666666666666666,strong,,0.392566854921748,E1_ADNI_TO_AIBL_VOLUME_TRANSFER; E2_ADNI_TO_OASIS_VOLUME_TRANSFER; E4_FS8_VS_FASTSURFER_VOLUME_DRIFT; E6_FS8_VOLUME_VS_THICKNESS_SENSITIVITY,True,stable,strong,stable_and_transferable,0.9082337672252546,0.0526315789473684,0.8235294117647058,,0.392566854921748,mmse,high_concordance_fragile_support,volume,ADNI_baseline,atomic roi|mmse association|mmse|volume|lh supramarginal|higher|higher mmse is associated with higher lh supramarginal cortical regional volume after adjustment for age sex education icv,7,llm_priority,79,llm_extended
ADNI_BASELINE_FASTSURFER_SUBCORTICAL_VOLUME_DX_CN_AD_a6bd6756b7_group_summary_global_brain_volume,ADNI_BASELINE_FASTSURFER_SUBCORTICAL_VOLUME_DX_CN_AD_a6bd6756b7,group_summary,group_enrichment,ADNI_baseline,pooled,fastsurfer_subcortical_volume,volume,fastsurfer,subcortical,diagnosis_binary_ad_cn,age; sex; education; icv,660,64,,,global_brain_volume,global_brain_volume,,,,higher,mean_abs_t,2.138561460326598,0.1121888664463667,,,,"AD-versus-CN effects are concentrated in global brain-volume measures, where 4/16 regions meet support criteria.","AD-versus-CN effects are concentrated in global brain-volume measures, where 4/16 regions meet support criteria.",True,supported,1,fragile,fragile,False,True,0.925732127240644,0.925732127240644,0.1428571428571428,0.1428571428571428,weak,0.547994715984148,,E4_FS8_VS_FASTSURFER_VOLUME_DRIFT,True,fragile,weak,fragile,0.925732127240644,0.1428571428571428,0.5625,0.547994715984148,,diagnosis_or_cdr,high_concordance_fragile_support,volume,ADNI_baseline,group summary|group enrichment|diagnosis binary ad cn|volume|nan|higher|ad versus cn effects are concentrated in global brain volume measures where 4 16 regions meet support criteria,7,llm_priority,80,llm_extended
ADNI_BASELINE_FS8_CORTICAL_VOLUME_MMSE_b901c0adbb_atomic_roi_rh_middletemporal,ADNI_BASELINE_FS8_CORTICAL_VOLUME_MMSE_b901c0adbb,atomic_roi,mmse_association,ADNI_baseline,pooled,fs8_cortical_volume,volume,freesurfer8,cortical_regions,mmse,age; sex; education; icv,1272,68,rh_middletemporal,RH,temporal,temporal,,,temporal,higher,t,14.377164509246189,0.3428576861355452,14.377164509246189,1.5798182300861065e-43,2.1485527929171048e-42,"Higher MMSE is associated with higher rh_middletemporal cortical regional volume, after adjustment for age, sex, education, icv.","Higher MMSE is associated with higher rh_middletemporal cortical regional volume, after adjustment for age, sex, education, icv.",True,supported,4,stable_and_transferable,fragile,True,True,0.9082337672252546,0.8322546707170053,0.0526315789473684,0.6666666666666666,strong,,0.392566854921748,E1_ADNI_TO_AIBL_VOLUME_TRANSFER; E2_ADNI_TO_OASIS_VOLUME_TRANSFER; E4_FS8_VS_FASTSURFER_VOLUME_DRIFT; E6_FS8_VOLUME_VS_THICKNESS_SENSITIVITY,True,stable,strong,stable_and_transferable,0.9082337672252546,0.0526315789473684,0.8235294117647058,,0.392566854921748,mmse,high_concordance_fragile_support,volume,ADNI_baseline,atomic roi|mmse association|mmse|volume|rh middletemporal|higher|higher mmse is associated with higher rh middletemporal cortical regional volume after adjustment for age sex education icv,7,llm_priority,81,llm_extended
ADNI_BASELINE_FS8_SUBCORTICAL_VOLUME_DX_CN_AD_fb416146ad_atomic_roi_SubCortGrayVol,ADNI_BASELINE_FS8_SUBCORTICAL_VOLUME_DX_CN_AD_fb416146ad,atomic_roi,diagnosis_contrast,ADNI_baseline,pooled,fs8_subcortical_volume,volume,freesurfer8,subcortical,diagnosis_binary_ad_cn,age; sex; education; icv,660,64,SubCortGrayVol,,global_brain_volume,global_brain_volume,,,,lower,t,-5.122979188436234,-0.3874171388679666,-5.122979188436234,3.962746745518258e-07,1.408976620628714e-06,"AD is associated with lower SubCortGrayVol subcortical volume compared with CN, after adjustment for age, sex, education, icv.","AD is associated with lower SubCortGrayVol subcortical volume compared with CN, after adjustment for age, sex, education, icv.",True,supported,4,stable_and_transferable,insufficient,True,True,0.9809940174873448,0.925732127240644,0.1428571428571428,0.8181818181818182,strong,0.8837495544091634,,E1_ADNI_TO_AIBL_VOLUME_TRANSFER; E2_ADNI_TO_OASIS_VOLUME_TRANSFER; E4_FS8_VS_FASTSURFER_VOLUME_DRIFT; E6_FS8_VOLUME_VS_THICKNESS_SENSITIVITY,True,stable,strong,stable_and_transferable,0.9809940174873448,0.1428571428571428,1.0,0.8837495544091634,,diagnosis_or_cdr,high_concordance_fragile_support,volume,ADNI_baseline,atomic roi|diagnosis contrast|diagnosis binary ad cn|volume|subcortgrayvol|lower|ad is associated with lower subcortgrayvol subcortical volume compared with cn after adjustment for age sex education icv,7,llm_priority,82,llm_extended
ADNI_SPM_MATCHED_SPM_THICKNESS_SCHAEFER200_7_MMSE_ac6aba6146_atomic_roi_RH_Limbic_TempPole_2,ADNI_SPM_MATCHED_SPM_THICKNESS_SCHAEFER200_7_MMSE_ac6aba6146,atomic_roi,mmse_association,ADNI_SPM_MATCHED,pooled,spm_thickness_schaefer200_7,thickness,spm_cat12,schaefer200_7network,mmse,age; sex; education,2892,202,RH_Limbic_TempPole_2,RH,Limbic,temporal_pole,Limbic,,temporal,higher,t,22.612488892334287,0.3887046341892222,22.612488892334287,2.270997463832127e-104,2.1844832747337605e-103,"Higher MMSE is associated with higher RH_Limbic_TempPole_2 Schaefer 200 7-network cortical thickness, after adjustment for age, sex, education.","Higher MMSE is associated with higher RH_Limbic_TempPole_2 Schaefer 200 7-network cortical thickness, after adjustment for age, sex, education.",True,supported,2,stable_and_transferable,stable_not_transferable,True,False,0.9285714285714288,0.8920334556064239,0.5384615384615384,0.7692307692307692,strong,,0.4319838449947505,E3_FS8_VS_SPM_THICKNESS_DRIFT,False,stable,strong,stable_and_transferable,0.9285714285714288,0.5384615384615384,1.0,,0.4319838449947505,mmse,stable_and_transferable,thickness,ADNI_SPM_MATCHED,atomic roi|mmse association|mmse|thickness|rh limbic temppole 2|higher|higher mmse is associated with higher rh limbic temppole 2 schaefer 200 7 network cortical thickness after adjustment for age sex education,7,llm_priority,83,llm_extended
ADNI_SPM_MATCHED_FS8_SCHAEFER7_MMSE_198f984def_group_summary_Limbic,ADNI_SPM_MATCHED_FS8_SCHAEFER7_MMSE_198f984def,group_summary,group_enrichment,ADNI_SPM_MATCHED,pooled,fs8_thickness_schaefer200_7,thickness,freesurfer8,schaefer200_7network,mmse,age; sex; education,2892,202,,,Limbic,temporal_pole,Limbic,Limbic,temporal,higher,mean_abs_t,16.461673393524666,0.292042882426835,,,,"MMSE-associated effects are concentrated in Limbic network parcels, where 6/7 regions meet support criteria.","MMSE-associated effects are concentrated in Limbic network parcels, where 6/7 regions meet support criteria.",True,supported,2,stable_and_transferable,stable_not_transferable,True,False,0.9642857142857144,0.9098905984635667,0.5384615384615384,0.7692307692307692,strong,,0.4319838449947505,E3_FS8_VS_SPM_THICKNESS_DRIFT,False,stable,strong,stable_and_transferable,0.9642857142857144,0.5384615384615384,1.0,,0.4319838449947505,mmse,stable_and_transferable,thickness,ADNI_SPM_MATCHED,group summary|group enrichment|mmse|thickness|nan|higher|mmse associated effects are concentrated in limbic network parcels where 6 7 regions meet support criteria,7,llm_priority,84,llm_extended
ADNI_BASELINE_FS8_SUBCORTICAL_VOLUME_DX_CN_MCI_8a810a8b86_atomic_roi_SubCortGrayVol,ADNI_BASELINE_FS8_SUBCORTICAL_VOLUME_DX_CN_MCI_8a810a8b86,atomic_roi,diagnosis_contrast,ADNI_baseline,pooled,fs8_subcortical_volume,volume,freesurfer8,subcortical,diagnosis_binary_mci_cn,age; sex; education; icv,997,64,SubCortGrayVol,,global_brain_volume,global_brain_volume,,,,lower,t,-2.7750698232240687,-0.173554477710925,-2.7750698232240687,0.0056228119078993,0.0239906641403706,"MCI is associated with lower SubCortGrayVol subcortical volume compared with CN, after adjustment for age, sex, education, icv.","MCI is associated with lower SubCortGrayVol subcortical volume compared with CN, after adjustment for age, sex, education, icv.",True,supported,3,stable_and_transferable,insufficient,True,True,0.94828134525475,0.9068834245831966,0.1428571428571428,0.3714285714285714,moderate,0.6571208851751527,,E1_ADNI_TO_AIBL_VOLUME_TRANSFER; E4_FS8_VS_FASTSURFER_VOLUME_DRIFT; E6_FS8_VOLUME_VS_THICKNESS_SENSITIVITY,True,stable,moderate,stable_and_transferable,0.94828134525475,0.1428571428571428,0.7647058823529411,0.6571208851751527,,diagnosis_or_cdr,high_concordance_fragile_support,volume,ADNI_baseline,atomic roi|diagnosis contrast|diagnosis binary mci cn|volume|subcortgrayvol|lower|mci is associated with lower subcortgrayvol subcortical volume compared with cn after adjustment for age sex education icv,7,llm_priority,85,llm_extended
ADNI_BASELINE_FASTSURFER_SUBCORTICAL_VOLUME_AGE_f50acbcf01_atomic_roi_4th-Ventricle,ADNI_BASELINE_FASTSURFER_SUBCORTICAL_VOLUME_AGE_f50acbcf01,atomic_roi,age_association,ADNI_baseline,pooled,fastsurfer_subcortical_volume,volume,fastsurfer,subcortical,age,sex; education; icv,1299,64,4th-Ventricle,,ventricle_csf,ventricle_csf,,,,higher,t,7.818215271443365,0.2044075453708121,7.818215271443365,1.1037823574200124e-14,4.7161609817036895e-14,"Older age is associated with higher 4th-Ventricle subcortical volume, after adjustment for sex, education, icv.","Older age is associated with higher 4th-Ventricle subcortical volume, after adjustment for sex, education, icv.",True,supported,1,fragile,fragile,False,True,0.9400711171573062,0.9400711171573062,0.1764705882352941,0.1764705882352941,weak,,0.1405618781356752,E4_FS8_VS_FASTSURFER_VOLUME_DRIFT,True,fragile,weak,fragile,0.9400711171573062,0.1764705882352941,0.3529411764705882,,-0.1405618781356752,age,high_concordance_fragile_support,volume,ADNI_baseline,atomic roi|age association|age|volume|4th ventricle|higher|older age is associated with higher 4th ventricle subcortical volume after adjustment for sex education icv,7,llm_priority,86,llm_extended
ADNI_BASELINE_FS8_CORTICAL_VOLUME_DX_CN_MCI_33363e6dbd_atomic_roi_rh_inferiortemporal,ADNI_BASELINE_FS8_CORTICAL_VOLUME_DX_CN_MCI_33363e6dbd,atomic_roi,diagnosis_contrast,ADNI_baseline,pooled,fs8_cortical_volume,volume,freesurfer8,cortical_regions,diagnosis_binary_mci_cn,age; sex; education; icv,997,68,rh_inferiortemporal,RH,temporal,temporal,,,temporal,lower,t,-5.346765128007603,-0.3036401219127644,-5.346765128007603,1.1116335078763325e-07,1.079872550508437e-06,"MCI is associated with lower rh_inferiortemporal cortical regional volume compared with CN, after adjustment for age, sex, education, icv.","MCI is associated with lower rh_inferiortemporal cortical regional volume compared with CN, after adjustment for age, sex, education, icv.",True,supported,3,fragile,insufficient,False,True,0.896351136964569,0.6528228423101882,0.0256410256410256,0.4814814814814814,weak,0.5672425947566304,,E1_ADNI_TO_AIBL_VOLUME_TRANSFER; E4_FS8_VS_FASTSURFER_VOLUME_DRIFT; E6_FS8_VOLUME_VS_THICKNESS_SENSITIVITY,True,fragile,weak,fragile,0.896351136964569,0.0256410256410256,0.1875,0.5672425947566304,,diagnosis_or_cdr,high_concordance_fragile_support,volume,ADNI_baseline,atomic roi|diagnosis contrast|diagnosis binary mci cn|volume|rh inferiortemporal|lower|mci is associated with lower rh inferiortemporal cortical regional volume compared with cn after adjustment for age sex education icv,7,llm_priority,87,llm_extended
ADNI_BASELINE_FS8_SUBCORTICAL_VOLUME_DX_CN_MCI_8a810a8b86_atomic_roi_Left-Accumbens-area,ADNI_BASELINE_FS8_SUBCORTICAL_VOLUME_DX_CN_MCI_8a810a8b86,atomic_roi,diagnosis_contrast,ADNI_baseline,pooled,fs8_subcortical_volume,volume,freesurfer8,subcortical,diagnosis_binary_mci_cn,age; sex; education; icv,997,64,Left-Accumbens-area,LH,basal_ganglia,basal_ganglia,,,,lower,t,-3.5524656692131367,-0.2256350143971325,-3.5524656692131367,0.0003996104947523,0.0023250065149226,"MCI is associated with lower Left-Accumbens-area subcortical volume compared with CN, after adjustment for age, sex, education, icv.","MCI is associated with lower Left-Accumbens-area subcortical volume compared with CN, after adjustment for age, sex, education, icv.",True,supported,3,stable_and_transferable,insufficient,True,True,0.94828134525475,0.9068834245831966,0.1428571428571428,0.3714285714285714,moderate,0.6571208851751527,,E1_ADNI_TO_AIBL_VOLUME_TRANSFER; E4_FS8_VS_FASTSURFER_VOLUME_DRIFT; E6_FS8_VOLUME_VS_THICKNESS_SENSITIVITY,True,stable,moderate,stable_and_transferable,0.94828134525475,0.1428571428571428,0.7647058823529411,0.6571208851751527,,diagnosis_or_cdr,high_concordance_fragile_support,volume,ADNI_baseline,atomic roi|diagnosis contrast|diagnosis binary mci cn|volume|left accumbens area|lower|mci is associated with lower left accumbens area subcortical volume compared with cn after adjustment for age sex education icv,7,llm_priority,88,llm_extended
ADNI_BASELINE_FASTSURFER_SUBCORTICAL_VOLUME_AGE_f50acbcf01_group_summary_ventricle_csf,ADNI_BASELINE_FASTSURFER_SUBCORTICAL_VOLUME_AGE_f50acbcf01,group_summary,group_enrichment,ADNI_baseline,pooled,fastsurfer_subcortical_volume,volume,fastsurfer,subcortical,age,sex; education; icv,1299,64,,,ventricle_csf,ventricle_csf,,,,higher,mean_abs_t,10.3015723583561,0.2326832907463559,,,,"Age-associated effects are concentrated in ventricular/CSF-related regions, where 9/10 regions meet support criteria.","Age-associated effects are concentrated in ventricular/CSF-related regions, where 9/10 regions meet support criteria.",True,supported,1,fragile,fragile,False,True,0.9400711171573062,0.9400711171573062,0.1764705882352941,0.1764705882352941,weak,,0.1405618781356752,E4_FS8_VS_FASTSURFER_VOLUME_DRIFT,True,fragile,weak,fragile,0.9400711171573062,0.1764705882352941,0.3529411764705882,,-0.1405618781356752,age,high_concordance_fragile_support,volume,ADNI_baseline,group summary|group enrichment|age|volume|nan|higher|age associated effects are concentrated in ventricular csf related regions where 9 10 regions meet support criteria,7,llm_priority,89,llm_extended
ADNI_BASELINE_FASTSURFER_SUBCORTICAL_VOLUME_AGE_f50acbcf01_atomic_roi_Left-choroid-plexus,ADNI_BASELINE_FASTSURFER_SUBCORTICAL_VOLUME_AGE_f50acbcf01,atomic_roi,age_association,ADNI_baseline,pooled,fastsurfer_subcortical_volume,volume,fastsurfer,subcortical,age,sex; education; icv,1299,64,Left-choroid-plexus,LH,ventricle_csf,ventricle_csf,,,,higher,t,9.46747775309342,0.2421908880086809,9.46747775309342,1.3072983255448715e-20,7.68037766257612e-20,"Older age is associated with higher Left-choroid-plexus subcortical volume, after adjustment for sex, education, icv.","Older age is associated with higher Left-choroid-plexus subcortical volume, after adjustment for sex, education, icv.",True,supported,1,fragile,fragile,False,True,0.9400711171573062,0.9400711171573062,0.1764705882352941,0.1764705882352941,weak,,0.1405618781356752,E4_FS8_VS_FASTSURFER_VOLUME_DRIFT,True,fragile,weak,fragile,0.9400711171573062,0.1764705882352941,0.3529411764705882,,-0.1405618781356752,age,high_concordance_fragile_support,volume,ADNI_baseline,atomic roi|age association|age|volume|left choroid plexus|higher|older age is associated with higher left choroid plexus subcortical volume after adjustment for sex education icv,7,llm_priority,90,llm_extended
ADNI_SPM_MATCHED_FS8_SCHAEFER7_MMSE_198f984def_atomic_roi_LH_Limbic_TempPole_4,ADNI_SPM_MATCHED_FS8_SCHAEFER7_MMSE_198f984def,atomic_roi,mmse_association,ADNI_SPM_MATCHED,pooled,fs8_thickness_schaefer200_7,thickness,freesurfer8,schaefer200_7network,mmse,age; sex; education,2892,202,LH_Limbic_TempPole_4,LH,Limbic,temporal_pole,Limbic,,temporal,higher,t,15.249466415630536,0.2681720245938646,15.249466415630536,1.4709007017849257e-50,2.1222995840039644e-49,"Higher MMSE is associated with higher LH_Limbic_TempPole_4 Schaefer 200 7-network cortical thickness, after adjustment for age, sex, education.","Higher MMSE is associated with higher LH_Limbic_TempPole_4 Schaefer 200 7-network cortical thickness, after adjustment for age, sex, education.",True,supported,2,stable_and_transferable,stable_not_transferable,True,False,0.9642857142857144,0.9098905984635667,0.5384615384615384,0.7692307692307692,strong,,0.4319838449947505,E3_FS8_VS_SPM_THICKNESS_DRIFT,False,stable,strong,stable_and_transferable,0.9642857142857144,0.5384615384615384,1.0,,0.4319838449947505,mmse,stable_and_transferable,thickness,ADNI_SPM_MATCHED,atomic roi|mmse association|mmse|thickness|lh limbic temppole 4|higher|higher mmse is associated with higher lh limbic temppole 4 schaefer 200 7 network cortical thickness after adjustment for age sex education,7,llm_priority,91,llm_extended
ADNI_SPM_MATCHED_FS8_SCHAEFER7_DX_CN_AD_e23c09f7c3_atomic_roi_LH_Default_Temp_2,ADNI_SPM_MATCHED_FS8_SCHAEFER7_DX_CN_AD_e23c09f7c3,atomic_roi,diagnosis_contrast,ADNI_SPM_MATCHED,pooled,fs8_thickness_schaefer200_7,thickness,freesurfer8,schaefer200_7network,diagnosis_binary_ad_cn,age; sex; education,1554,202,LH_Default_Temp_2,LH,Default,temporal,Default,,temporal,lower,t,-13.738228880680438,-0.6749025470892502,-13.738228880680438,1.2984968000193251e-40,2.6229635360390368e-39,"AD is associated with lower LH_Default_Temp_2 Schaefer 200 7-network cortical thickness compared with CN, after adjustment for age, sex, education.","AD is associated with lower LH_Default_Temp_2 Schaefer 200 7-network cortical thickness compared with CN, after adjustment for age, sex, education.",True,supported,2,stable_and_transferable,stable_not_transferable,True,False,0.8928571428571429,0.8565815086397986,0.6,0.8,strong,0.8132431379398369,,E3_FS8_VS_SPM_THICKNESS_DRIFT,False,stable,strong,stable_and_transferable,0.8928571428571429,0.6,1.0,0.8132431379398369,,diagnosis_or_cdr,stable_and_transferable,thickness,ADNI_SPM_MATCHED,atomic roi|diagnosis contrast|diagnosis binary ad cn|thickness|lh default temp 2|lower|ad is associated with lower lh default temp 2 schaefer 200 7 network cortical thickness compared with cn after adjustment for age sex education,7,llm_priority,92,llm_extended
ADNI_SPM_MATCHED_SPM_THICKNESS_SCHAEFER200_7_MMSE_ac6aba6146_atomic_roi_RH_Default_Temp_2,ADNI_SPM_MATCHED_SPM_THICKNESS_SCHAEFER200_7_MMSE_ac6aba6146,atomic_roi,mmse_association,ADNI_SPM_MATCHED,pooled,spm_thickness_schaefer200_7,thickness,spm_cat12,schaefer200_7network,mmse,age; sex; education,2892,202,RH_Default_Temp_2,RH,Default,temporal,Default,,temporal,higher,t,25.68539231298371,0.4310405131525404,25.68539231298371,3.255544432103168e-131,6.5761997528483995e-130,"Higher MMSE is associated with higher RH_Default_Temp_2 Schaefer 200 7-network cortical thickness, after adjustment for age, sex, education.","Higher MMSE is associated with higher RH_Default_Temp_2 Schaefer 200 7-network cortical thickness, after adjustment for age, sex, education.",True,supported,2,stable_and_transferable,stable_not_transferable,True,False,0.9285714285714288,0.8920334556064239,0.5384615384615384,0.7692307692307692,strong,,0.4319838449947505,E3_FS8_VS_SPM_THICKNESS_DRIFT,False,stable,strong,stable_and_transferable,0.9285714285714288,0.5384615384615384,1.0,,0.4319838449947505,mmse,stable_and_transferable,thickness,ADNI_SPM_MATCHED,atomic roi|mmse association|mmse|thickness|rh default temp 2|higher|higher mmse is associated with higher rh default temp 2 schaefer 200 7 network cortical thickness after adjustment for age sex education,7,llm_priority,93,llm_extended
OASIS1_BASELINE_FS8_THICKNESS_KONG200_17_AGE_5847b16687_composite_main,OASIS1_BASELINE_FS8_THICKNESS_KONG200_17_AGE_5847b16687,composite,age_association,OASIS1_baseline,pooled,fs8_thickness_kong200_17,thickness,freesurfer8,kong200_17network,age,sex; education,235,202,,,,,,,,lower,mean_abs_t,7.695087921961941,,,,,"Older age is associated with lower Kong 200 17-network cortical thickness in SomMot, SalVentAttn, and Cont network parcels, after adjustment for sex, education.","Older age is associated with lower Kong 200 17-network cortical thickness in SomMot, SalVentAttn, and Cont network parcels, after adjustment for sex, education.",True,supported,2,stable_not_transferable,fragile,False,True,0.942857142857143,0.6571428571428573,1.0,1.0,insufficient,,,E5_FS8_THICKNESS_ATLAS_SENSITIVITY,False,stable,insufficient,stable_not_transferable,0.942857142857143,1.0,1.0,,,age,stable_not_transferable,thickness,OASIS1_baseline,composite|age association|age|thickness|nan|lower|older age is associated with lower kong 200 17 network cortical thickness in sommot salventattn and cont network parcels after adjustment for sex education,7,llm_priority,94,llm_extended
ADNI_BASELINE_FASTSURFER_SUBCORTICAL_VOLUME_MMSE_f0bd89a08f_atomic_roi_Left-choroid-plexus,ADNI_BASELINE_FASTSURFER_SUBCORTICAL_VOLUME_MMSE_f0bd89a08f,atomic_roi,mmse_association,ADNI_baseline,pooled,fastsurfer_subcortical_volume,volume,fastsurfer,subcortical,mmse,age; sex; education; icv,1272,64,Left-choroid-plexus,LH,ventricle_csf,ventricle_csf,,,,lower,t,-2.603187011251144,-0.0682521318882114,-2.603187011251144,0.0093441197087507,0.0487970695901426,"Higher MMSE is associated with lower Left-choroid-plexus subcortical volume, after adjustment for age, sex, education, icv.","Higher MMSE is associated with lower Left-choroid-plexus subcortical volume, after adjustment for age, sex, education, icv.",True,supported,1,fragile,fragile,False,True,0.9060738346129618,0.9060738346129618,0.1764705882352941,0.1764705882352941,weak,,0.1128205267943267,E4_FS8_VS_FASTSURFER_VOLUME_DRIFT,True,fragile,weak,fragile,0.9060738346129618,0.1764705882352941,0.5625,,-0.1128205267943267,mmse,high_concordance_fragile_support,volume,ADNI_baseline,atomic roi|mmse association|mmse|volume|left choroid plexus|lower|higher mmse is associated with lower left choroid plexus subcortical volume after adjustment for age sex education icv,7,llm_priority,95,llm_extended
ADNI_BASELINE_FS8_SUBCORTICAL_VOLUME_DX_CN_AD_fb416146ad_atomic_roi_CC_Central,ADNI_BASELINE_FS8_SUBCORTICAL_VOLUME_DX_CN_AD_fb416146ad,atomic_roi,diagnosis_contrast,ADNI_baseline,pooled,fs8_subcortical_volume,volume,freesurfer8,subcortical,diagnosis_binary_ad_cn,age; sex; education; icv,660,64,CC_Central,,corpus_callosum,corpus_callosum,,,,lower,t,-6.425978662975419,-0.4971128262314121,-6.425978662975419,2.524668330645066e-10,1.2429136397021863e-09,"AD is associated with lower CC_Central subcortical volume compared with CN, after adjustment for age, sex, education, icv.","AD is associated with lower CC_Central subcortical volume compared with CN, after adjustment for age, sex, education, icv.",True,supported,4,stable_and_transferable,insufficient,True,True,0.9809940174873448,0.925732127240644,0.1428571428571428,0.8181818181818182,strong,0.8837495544091634,,E1_ADNI_TO_AIBL_VOLUME_TRANSFER; E2_ADNI_TO_OASIS_VOLUME_TRANSFER; E4_FS8_VS_FASTSURFER_VOLUME_DRIFT; E6_FS8_VOLUME_VS_THICKNESS_SENSITIVITY,True,stable,strong,stable_and_transferable,0.9809940174873448,0.1428571428571428,1.0,0.8837495544091634,,diagnosis_or_cdr,high_concordance_fragile_support,volume,ADNI_baseline,atomic roi|diagnosis contrast|diagnosis binary ad cn|volume|cc central|lower|ad is associated with lower cc central subcortical volume compared with cn after adjustment for age sex education icv,7,llm_priority,96,llm_extended
AIBL_BASELINE_FS8_CORTICAL_VOLUME_AGE_afc8e85f81_atomic_roi_rh_cuneus,AIBL_BASELINE_FS8_CORTICAL_VOLUME_AGE_afc8e85f81,atomic_roi,age_association,AIBL_baseline,pooled,fs8_cortical_volume,volume,freesurfer8,cortical_regions,age,sex,1298,68,rh_cuneus,RH,occipital,occipital,,,occipital,lower,t,-5.815760745173417,-0.1492330313346223,-5.815760745173417,7.596660812533852e-09,4.304774460435849e-08,"Older age is associated with lower rh_cuneus cortical regional volume, after adjustment for sex.","Older age is associated with lower rh_cuneus cortical regional volume, after adjustment for sex.",True,supported,2,transferable_but_drifted,fragile,False,True,0.8999999999999998,0.6774687941367331,0.3333333333333333,0.6666666666666666,moderate,,0.2125863330376764,E1_ADNI_TO_AIBL_VOLUME_TRANSFER; E6_FS8_VOLUME_VS_THICKNESS_SENSITIVITY,True,moderate,moderate,transferable_but_drifted,0.8999999999999998,0.3333333333333333,0.7,,0.2125863330376764,age,high_concordance_fragile_support,volume,AIBL_baseline,atomic roi|age association|age|volume|rh cuneus|lower|older age is associated with lower rh cuneus cortical regional volume after adjustment for sex,7,llm_priority,97,llm_extended
ADNI_BASELINE_FS8_CORTICAL_VOLUME_DX_CN_MCI_33363e6dbd_atomic_roi_lh_insula,ADNI_BASELINE_FS8_CORTICAL_VOLUME_DX_CN_MCI_33363e6dbd,atomic_roi,diagnosis_contrast,ADNI_baseline,pooled,fs8_cortical_volume,volume,freesurfer8,cortical_regions,diagnosis_binary_mci_cn,age; sex; education; icv,997,68,lh_insula,LH,insula,insula,,,insula,lower,t,-3.6688715604847615,-0.2130724160531348,-3.6688715604847615,0.0002565984970393,0.0007270290749447,"MCI is associated with lower lh_insula cortical regional volume compared with CN, after adjustment for age, sex, education, icv.","MCI is associated with lower lh_insula cortical regional volume compared with CN, after adjustment for age, sex, education, icv.",True,supported,3,fragile,insufficient,False,True,0.896351136964569,0.6528228423101882,0.0256410256410256,0.4814814814814814,weak,0.5672425947566304,,E1_ADNI_TO_AIBL_VOLUME_TRANSFER; E4_FS8_VS_FASTSURFER_VOLUME_DRIFT; E6_FS8_VOLUME_VS_THICKNESS_SENSITIVITY,True,fragile,weak,fragile,0.896351136964569,0.0256410256410256,0.1875,0.5672425947566304,,diagnosis_or_cdr,high_concordance_fragile_support,volume,ADNI_baseline,atomic roi|diagnosis contrast|diagnosis binary mci cn|volume|lh insula|lower|mci is associated with lower lh insula cortical regional volume compared with cn after adjustment for age sex education icv,7,llm_priority,98,llm_extended
ADNI_BASELINE_FS8_CORTICAL_VOLUME_MMSE_b901c0adbb_atomic_roi_lh_lateraloccipital,ADNI_BASELINE_FS8_CORTICAL_VOLUME_MMSE_b901c0adbb,atomic_roi,mmse_association,ADNI_baseline,pooled,fs8_cortical_volume,volume,freesurfer8,cortical_regions,mmse,age; sex; education; icv,1272,68,lh_lateraloccipital,LH,occipital,occipital,,,occipital,higher,t,9.092192076777126,0.2252519277713534,9.092192076777126,3.651501655752448e-19,1.0293645309457918e-18,"Higher MMSE is associated with higher lh_lateraloccipital cortical regional volume, after adjustment for age, sex, education, icv.","Higher MMSE is associated with higher lh_lateraloccipital cortical regional volume, after adjustment for age, sex, education, icv.",True,supported,4,stable_and_transferable,fragile,True,True,0.9082337672252546,0.8322546707170053,0.0526315789473684,0.6666666666666666,strong,,0.392566854921748,E1_ADNI_TO_AIBL_VOLUME_TRANSFER; E2_ADNI_TO_OASIS_VOLUME_TRANSFER; E4_FS8_VS_FASTSURFER_VOLUME_DRIFT; E6_FS8_VOLUME_VS_THICKNESS_SENSITIVITY,True,stable,strong,stable_and_transferable,0.9082337672252546,0.0526315789473684,0.8235294117647058,,0.392566854921748,mmse,high_concordance_fragile_support,volume,ADNI_baseline,atomic roi|mmse association|mmse|volume|lh lateraloccipital|higher|higher mmse is associated with higher lh lateraloccipital cortical regional volume after adjustment for age sex education icv,7,llm_priority,99,llm_extended
ADNI_BASELINE_FS8_CORTICAL_VOLUME_DX_CN_AD_0f6485a0b6_atomic_roi_rh_superiorfrontal,ADNI_BASELINE_FS8_CORTICAL_VOLUME_DX_CN_AD_0f6485a0b6,atomic_roi,diagnosis_contrast,ADNI_baseline,pooled,fs8_cortical_volume,volume,freesurfer8,cortical_regions,diagnosis_binary_ad_cn,age; sex; education; icv,660,68,rh_superiorfrontal,RH,frontal,frontal,,,frontal,lower,t,-7.881820306508163,-0.5264864977799093,-7.881820306508163,1.3523679600599702e-14,3.8317092201699157e-14,"AD is associated with lower rh_superiorfrontal cortical regional volume compared with CN, after adjustment for age, sex, education, icv.","AD is associated with lower rh_superiorfrontal cortical regional volume compared with CN, after adjustment for age, sex, education, icv.",True,supported,4,stable_and_transferable,fragile,True,True,0.8775150462088591,0.8340267969614841,0.0526315789473684,0.7786561264822134,strong,0.7794241284915825,,E1_ADNI_TO_AIBL_VOLUME_TRANSFER; E2_ADNI_TO_OASIS_VOLUME_TRANSFER; E4_FS8_VS_FASTSURFER_VOLUME_DRIFT; E6_FS8_VOLUME_VS_THICKNESS_SENSITIVITY,True,stable,strong,stable_and_transferable,0.8775150462088591,0.0526315789473684,0.84375,0.7794241284915825,,diagnosis_or_cdr,high_concordance_fragile_support,volume,ADNI_baseline,atomic roi|diagnosis contrast|diagnosis binary ad cn|volume|rh superiorfrontal|lower|ad is associated with lower rh superiorfrontal cortical regional volume compared with cn after adjustment for age sex education icv,7,llm_priority,100,llm_extended
ADNI_BASELINE_FS8_CORTICAL_VOLUME_DX_CN_MCI_33363e6dbd_atomic_roi_rh_middletemporal,ADNI_BASELINE_FS8_CORTICAL_VOLUME_DX_CN_MCI_33363e6dbd,atomic_roi,diagnosis_contrast,ADNI_baseline,pooled,fs8_cortical_volume,volume,freesurfer8,cortical_regions,diagnosis_binary_mci_cn,age; sex; education; icv,997,68,rh_middletemporal,RH,temporal,temporal,,,temporal,lower,t,-5.995450863171612,-0.3417383364244438,-5.995450863171612,2.8392415519992772e-09,3.8613685107190186e-08,"MCI is associated with lower rh_middletemporal cortical regional volume compared with CN, after adjustment for age, sex, education, icv.","MCI is associated with lower rh_middletemporal cortical regional volume compared with CN, after adjustment for age, sex, education, icv.",True,supported,3,fragile,insufficient,False,True,0.896351136964569,0.6528228423101882,0.0256410256410256,0.4814814814814814,weak,0.5672425947566304,,E1_ADNI_TO_AIBL_VOLUME_TRANSFER; E4_FS8_VS_FASTSURFER_VOLUME_DRIFT; E6_FS8_VOLUME_VS_THICKNESS_SENSITIVITY,True,fragile,weak,fragile,0.896351136964569,0.0256410256410256,0.1875,0.5672425947566304,,diagnosis_or_cdr,high_concordance_fragile_support,volume,ADNI_baseline,atomic roi|diagnosis contrast|diagnosis binary mci cn|volume|rh middletemporal|lower|mci is associated with lower rh middletemporal cortical regional volume compared with cn after adjustment for age sex education icv,7,llm_priority,101,llm_extended
ADNI_SPM_MATCHED_FS8_SCHAEFER7_MMSE_198f984def_atomic_roi_LH_Default_Temp_4,ADNI_SPM_MATCHED_FS8_SCHAEFER7_MMSE_198f984def,atomic_roi,mmse_association,ADNI_SPM_MATCHED,pooled,fs8_thickness_schaefer200_7,thickness,freesurfer8,schaefer200_7network,mmse,age; sex; education,2892,202,LH_Default_Temp_4,LH,Default,temporal,Default,,temporal,higher,t,15.52320334278797,0.2809327138235399,15.52320334278797,2.951056039859592e-52,5.419212000469432e-51,"Higher MMSE is associated with higher LH_Default_Temp_4 Schaefer 200 7-network cortical thickness, after adjustment for age, sex, education.","Higher MMSE is associated with higher LH_Default_Temp_4 Schaefer 200 7-network cortical thickness, after adjustment for age, sex, education.",True,supported,2,stable_and_transferable,stable_not_transferable,True,False,0.9642857142857144,0.9098905984635667,0.5384615384615384,0.7692307692307692,strong,,0.4319838449947505,E3_FS8_VS_SPM_THICKNESS_DRIFT,False,stable,strong,stable_and_transferable,0.9642857142857144,0.5384615384615384,1.0,,0.4319838449947505,mmse,stable_and_transferable,thickness,ADNI_SPM_MATCHED,atomic roi|mmse association|mmse|thickness|lh default temp 4|higher|higher mmse is associated with higher lh default temp 4 schaefer 200 7 network cortical thickness after adjustment for age sex education,7,llm_priority,102,llm_extended
ADNI_SPM_MATCHED_FS8_SCHAEFER7_DX_CN_AD_e23c09f7c3_atomic_roi_RH_Limbic_TempPole_1,ADNI_SPM_MATCHED_FS8_SCHAEFER7_DX_CN_AD_e23c09f7c3,atomic_roi,diagnosis_contrast,ADNI_SPM_MATCHED,pooled,fs8_thickness_schaefer200_7,thickness,freesurfer8,schaefer200_7network,diagnosis_binary_ad_cn,age; sex; education,1554,202,RH_Limbic_TempPole_1,RH,Limbic,temporal_pole,Limbic,,temporal,lower,t,-16.51722767577813,-0.7837462879471747,-16.51722767577813,1.416262922555091e-56,7.15212775890321e-55,"AD is associated with lower RH_Limbic_TempPole_1 Schaefer 200 7-network cortical thickness compared with CN, after adjustment for age, sex, education.","AD is associated with lower RH_Limbic_TempPole_1 Schaefer 200 7-network cortical thickness compared with CN, after adjustment for age, sex, education.",True,supported,2,stable_and_transferable,stable_not_transferable,True,False,0.8928571428571429,0.8565815086397986,0.6,0.8,strong,0.8132431379398369,,E3_FS8_VS_SPM_THICKNESS_DRIFT,False,stable,strong,stable_and_transferable,0.8928571428571429,0.6,1.0,0.8132431379398369,,diagnosis_or_cdr,stable_and_transferable,thickness,ADNI_SPM_MATCHED,atomic roi|diagnosis contrast|diagnosis binary ad cn|thickness|rh limbic temppole 1|lower|ad is associated with lower rh limbic temppole 1 schaefer 200 7 network cortical thickness compared with cn after adjustment for age sex education,7,llm_priority,103,llm_extended
ADNI_BASELINE_FASTSURFER_CORTICAL_VOLUME_DX_CN_AD_5a4dc5a219_group_summary_occipital,ADNI_BASELINE_FASTSURFER_CORTICAL_VOLUME_DX_CN_AD_5a4dc5a219,group_summary,group_enrichment,ADNI_baseline,pooled,fastsurfer_cortical_volume,volume,fastsurfer,cortical_regions,diagnosis_binary_ad_cn,age; sex; education; icv,660,68,,,occipital,occipital,,,occipital,higher,mean_abs_t,1.59051642700354,0.1226823693141324,,,,"AD-versus-CN effects are concentrated in occipital regions, where 4/8 regions meet support criteria.","AD-versus-CN effects are concentrated in occipital regions, where 4/8 regions meet support criteria.",True,supported,1,fragile,fragile,False,True,0.8775150462088591,0.8775150462088591,0.0526315789473684,0.0526315789473684,weak,0.5641391457507705,,E4_FS8_VS_FASTSURFER_VOLUME_DRIFT,True,fragile,weak,fragile,0.8775150462088591,0.0526315789473684,0.6875,0.5641391457507705,,diagnosis_or_cdr,high_concordance_fragile_support,volume,ADNI_baseline,group summary|group enrichment|diagnosis binary ad cn|volume|nan|higher|ad versus cn effects are concentrated in occipital regions where 4 8 regions meet support criteria,7,llm_priority,104,llm_extended
ADNI_SPM_MATCHED_SPM_THICKNESS_SCHAEFER200_7_DX_CN_AD_ddab764881_atomic_roi_LH_Cont_Temp_1,ADNI_SPM_MATCHED_SPM_THICKNESS_SCHAEFER200_7_DX_CN_AD_ddab764881,atomic_roi,diagnosis_contrast,ADNI_SPM_MATCHED,pooled,spm_thickness_schaefer200_7,thickness,spm_cat12,schaefer200_7network,diagnosis_binary_ad_cn,age; sex; education,1554,202,LH_Cont_Temp_1,LH,Cont,temporal,Cont,,temporal,lower,t,-21.13388073644465,-0.9721948186718846,-21.13388073644465,2.5819345601960494e-87,2.7450041113663265e-86,"AD is associated with lower LH_Cont_Temp_1 Schaefer 200 7-network cortical thickness compared with CN, after adjustment for age, sex, education.","AD is associated with lower LH_Cont_Temp_1 Schaefer 200 7-network cortical thickness compared with CN, after adjustment for age, sex, education.",True,supported,2,stable_and_transferable,stable_not_transferable,True,False,1.0,0.9101529372112271,0.6,0.8,strong,0.8132431379398369,,E3_FS8_VS_SPM_THICKNESS_DRIFT,False,stable,strong,stable_and_transferable,1.0,0.6,1.0,0.8132431379398369,,diagnosis_or_cdr,stable_and_transferable,thickness,ADNI_SPM_MATCHED,atomic roi|diagnosis contrast|diagnosis binary ad cn|thickness|lh cont temp 1|lower|ad is associated with lower lh cont temp 1 schaefer 200 7 network cortical thickness compared with cn after adjustment for age sex education,7,llm_priority,105,llm_extended
ADNI_BASELINE_FS8_CORTICAL_VOLUME_DX_CN_AD_0f6485a0b6_atomic_roi_rh_superiortemporal,ADNI_BASELINE_FS8_CORTICAL_VOLUME_DX_CN_AD_0f6485a0b6,atomic_roi,diagnosis_contrast,ADNI_baseline,pooled,fs8_cortical_volume,volume,freesurfer8,cortical_regions,diagnosis_binary_ad_cn,age; sex; education; icv,660,68,rh_superiortemporal,RH,temporal,temporal,,,temporal,lower,t,-10.778809513385395,-0.7356860548307226,-10.778809513385395,4.773305235737815e-25,2.496805815616703e-24,"AD is associated with lower rh_superiortemporal cortical regional volume compared with CN, after adjustment for age, sex, education, icv.","AD is associated with lower rh_superiortemporal cortical regional volume compared with CN, after adjustment for age, sex, education, icv.",True,supported,4,stable_and_transferable,fragile,True,True,0.8775150462088591,0.8340267969614841,0.0526315789473684,0.7786561264822134,strong,0.7794241284915825,,E1_ADNI_TO_AIBL_VOLUME_TRANSFER; E2_ADNI_TO_OASIS_VOLUME_TRANSFER; E4_FS8_VS_FASTSURFER_VOLUME_DRIFT; E6_FS8_VOLUME_VS_THICKNESS_SENSITIVITY,True,stable,strong,stable_and_transferable,0.8775150462088591,0.0526315789473684,0.84375,0.7794241284915825,,diagnosis_or_cdr,high_concordance_fragile_support,volume,ADNI_baseline,atomic roi|diagnosis contrast|diagnosis binary ad cn|volume|rh superiortemporal|lower|ad is associated with lower rh superiortemporal cortical regional volume compared with cn after adjustment for age sex education icv,7,llm_priority,106,llm_extended
ADNI_SPM_MATCHED_SPM_THICKNESS_SCHAEFER200_7_MMSE_ac6aba6146_atomic_roi_RH_Cont_Par_2,ADNI_SPM_MATCHED_SPM_THICKNESS_SCHAEFER200_7_MMSE_ac6aba6146,atomic_roi,mmse_association,ADNI_SPM_MATCHED,pooled,spm_thickness_schaefer200_7,thickness,spm_cat12,schaefer200_7network,mmse,age; sex; education,2892,202,RH_Cont_Par_2,RH,Cont,unknown_subregion,Cont,,unknown,higher,t,21.45829856505379,0.3767322946169118,21.45829856505379,6.761273544904008e-95,4.709576745071068e-94,"Higher MMSE is associated with higher RH_Cont_Par_2 Schaefer 200 7-network cortical thickness, after adjustment for age, sex, education.","Higher MMSE is associated with higher RH_Cont_Par_2 Schaefer 200 7-network cortical thickness, after adjustment for age, sex, education.",True,supported,2,stable_and_transferable,stable_not_transferable,True,False,0.9285714285714288,0.8920334556064239,0.5384615384615384,0.7692307692307692,strong,,0.4319838449947505,E3_FS8_VS_SPM_THICKNESS_DRIFT,False,stable,strong,stable_and_transferable,0.9285714285714288,0.5384615384615384,1.0,,0.4319838449947505,mmse,stable_and_transferable,thickness,ADNI_SPM_MATCHED,atomic roi|mmse association|mmse|thickness|rh cont par 2|higher|higher mmse is associated with higher rh cont par 2 schaefer 200 7 network cortical thickness after adjustment for age sex education,7,llm_priority,107,llm_extended
ADNI_SPM_MATCHED_FS8_SCHAEFER7_MMSE_198f984def_atomic_roi_RH_Default_Temp_4,ADNI_SPM_MATCHED_FS8_SCHAEFER7_MMSE_198f984def,atomic_roi,mmse_association,ADNI_SPM_MATCHED,pooled,fs8_thickness_schaefer200_7,thickness,freesurfer8,schaefer200_7network,mmse,age; sex; education,2892,202,RH_Default_Temp_4,RH,Default,temporal,Default,,temporal,higher,t,14.881550688263884,0.2704584303369456,14.881550688263884,2.5649010842414724e-48,2.878388994537652e-47,"Higher MMSE is associated with higher RH_Default_Temp_4 Schaefer 200 7-network cortical thickness, after adjustment for age, sex, education.","Higher MMSE is associated with higher RH_Default_Temp_4 Schaefer 200 7-network cortical thickness, after adjustment for age, sex, education.",True,supported,2,stable_and_transferable,stable_not_transferable,True,False,0.9642857142857144,0.9098905984635667,0.5384615384615384,0.7692307692307692,strong,,0.4319838449947505,E3_FS8_VS_SPM_THICKNESS_DRIFT,False,stable,strong,stable_and_transferable,0.9642857142857144,0.5384615384615384,1.0,,0.4319838449947505,mmse,stable_and_transferable,thickness,ADNI_SPM_MATCHED,atomic roi|mmse association|mmse|thickness|rh default temp 4|higher|higher mmse is associated with higher rh default temp 4 schaefer 200 7 network cortical thickness after adjustment for age sex education,7,llm_priority,108,llm_extended
OASIS1_BASELINE_FS8_THICKNESS_SCHAEFER200_7_MMSE_13160e92a9_composite_main,OASIS1_BASELINE_FS8_THICKNESS_SCHAEFER200_7_MMSE_13160e92a9,composite,mmse_association,OASIS1_baseline,pooled,fs8_thickness_schaefer200_7,thickness,freesurfer8,schaefer200_7network,mmse,age; sex; education,235,202,,,,,,,,higher,mean_abs_t,6.138842071292184,,,,,"Higher MMSE is associated with higher Schaefer 200 7-network cortical thickness in Default, Cont, and DorsAttn network parcels, after adjustment for age, sex, education.","Higher MMSE is associated with higher Schaefer 200 7-network cortical thickness in Default, Cont, and DorsAttn network parcels, after adjustment for age, sex, education.",True,supported,4,stable_not_transferable,insufficient,False,False,0.942857142857143,0.7,1.0,1.0,insufficient,,,E5_FS8_THICKNESS_ATLAS_SENSITIVITY; E6_FS8_VOLUME_VS_THICKNESS_SENSITIVITY,False,stable,insufficient,stable_not_transferable,0.942857142857143,1.0,1.0,,,mmse,stable_not_transferable,thickness,OASIS1_baseline,composite|mmse association|mmse|thickness|nan|higher|higher mmse is associated with higher schaefer 200 7 network cortical thickness in default cont and dorsattn network parcels after adjustment for age sex educat,7,llm_priority,109,llm_extended
ADNI_BASELINE_FS8_CORTICAL_VOLUME_MMSE_b901c0adbb_atomic_roi_lh_superiortemporal,ADNI_BASELINE_FS8_CORTICAL_VOLUME_MMSE_b901c0adbb,atomic_roi,mmse_association,ADNI_baseline,pooled,fs8_cortical_volume,volume,freesurfer8,cortical_regions,mmse,age; sex; education; icv,1272,68,lh_superiortemporal,LH,temporal,temporal,,,temporal,higher,t,13.254546270497286,0.3239985734628915,13.254546270497286,1.205703745493981e-37,1.024848183669884e-36,"Higher MMSE is associated with higher lh_superiortemporal cortical regional volume, after adjustment for age, sex, education, icv.","Higher MMSE is associated with higher lh_superiortemporal cortical regional volume, after adjustment for age, sex, education, icv.",True,supported,4,stable_and_transferable,fragile,True,True,0.9082337672252546,0.8322546707170053,0.0526315789473684,0.6666666666666666,strong,,0.392566854921748,E1_ADNI_TO_AIBL_VOLUME_TRANSFER; E2_ADNI_TO_OASIS_VOLUME_TRANSFER; E4_FS8_VS_FASTSURFER_VOLUME_DRIFT; E6_FS8_VOLUME_VS_THICKNESS_SENSITIVITY,True,stable,strong,stable_and_transferable,0.9082337672252546,0.0526315789473684,0.8235294117647058,,0.392566854921748,mmse,high_concordance_fragile_support,volume,ADNI_baseline,atomic roi|mmse association|mmse|volume|lh superiortemporal|higher|higher mmse is associated with higher lh superiortemporal cortical regional volume after adjustment for age sex education icv,7,llm_priority,110,llm_extended
ADNI_BASELINE_FS8_CORTICAL_VOLUME_DX_CN_AD_0f6485a0b6_atomic_roi_rh_fusiform,ADNI_BASELINE_FS8_CORTICAL_VOLUME_DX_CN_AD_0f6485a0b6,atomic_roi,diagnosis_contrast,ADNI_baseline,pooled,fs8_cortical_volume,volume,freesurfer8,cortical_regions,diagnosis_binary_ad_cn,age; sex; education; icv,660,68,rh_fusiform,RH,temporal,temporal,,,temporal,lower,t,-13.095524747221418,-0.8628185678681403,-13.095524747221418,5.773154250864565e-35,5.60820698655415e-34,"AD is associated with lower rh_fusiform cortical regional volume compared with CN, after adjustment for age, sex, education, icv.","AD is associated with lower rh_fusiform cortical regional volume compared with CN, after adjustment for age, sex, education, icv.",True,supported,4,stable_and_transferable,fragile,True,True,0.8775150462088591,0.8340267969614841,0.0526315789473684,0.7786561264822134,strong,0.7794241284915825,,E1_ADNI_TO_AIBL_VOLUME_TRANSFER; E2_ADNI_TO_OASIS_VOLUME_TRANSFER; E4_FS8_VS_FASTSURFER_VOLUME_DRIFT; E6_FS8_VOLUME_VS_THICKNESS_SENSITIVITY,True,stable,strong,stable_and_transferable,0.8775150462088591,0.0526315789473684,0.84375,0.7794241284915825,,diagnosis_or_cdr,high_concordance_fragile_support,volume,ADNI_baseline,atomic roi|diagnosis contrast|diagnosis binary ad cn|volume|rh fusiform|lower|ad is associated with lower rh fusiform cortical regional volume compared with cn after adjustment for age sex education icv,7,llm_priority,111,llm_extended
ADNI_BASELINE_FS8_SUBCORTICAL_VOLUME_DX_CN_MCI_8a810a8b86_atomic_roi_Left-Inf-Lat-Vent,ADNI_BASELINE_FS8_SUBCORTICAL_VOLUME_DX_CN_MCI_8a810a8b86,atomic_roi,diagnosis_contrast,ADNI_baseline,pooled,fs8_subcortical_volume,volume,freesurfer8,subcortical,diagnosis_binary_mci_cn,age; sex; education; icv,997,64,Left-Inf-Lat-Vent,LH,ventricle_csf,ventricle_csf,,,,higher,t,6.539237067528967,0.3631668203793419,6.539237067528967,9.886848675331829e-11,1.5818957880530926e-09,"MCI is associated with higher Left-Inf-Lat-Vent subcortical volume compared with CN, after adjustment for age, sex, education, icv.","MCI is associated with higher Left-Inf-Lat-Vent subcortical volume compared with CN, after adjustment for age, sex, education, icv.",True,supported,3,stable_and_transferable,insufficient,True,True,0.94828134525475,0.9068834245831966,0.1428571428571428,0.3714285714285714,moderate,0.6571208851751527,,E1_ADNI_TO_AIBL_VOLUME_TRANSFER; E4_FS8_VS_FASTSURFER_VOLUME_DRIFT; E6_FS8_VOLUME_VS_THICKNESS_SENSITIVITY,True,stable,moderate,stable_and_transferable,0.94828134525475,0.1428571428571428,0.7647058823529411,0.6571208851751527,,diagnosis_or_cdr,high_concordance_fragile_support,volume,ADNI_baseline,atomic roi|diagnosis contrast|diagnosis binary mci cn|volume|left inf lat vent|higher|mci is associated with higher left inf lat vent subcortical volume compared with cn after adjustment for age sex education icv,7,llm_priority,112,llm_extended
ADNI_BASELINE_FASTSURFER_SUBCORTICAL_VOLUME_AGE_f50acbcf01_atomic_roi_Left-Lateral-Ventricle,ADNI_BASELINE_FASTSURFER_SUBCORTICAL_VOLUME_AGE_f50acbcf01,atomic_roi,age_association,ADNI_baseline,pooled,fastsurfer_subcortical_volume,volume,fastsurfer,subcortical,age,sex; education; icv,1299,64,Left-Lateral-Ventricle,LH,ventricle_csf,ventricle_csf,,,,higher,t,11.423596215567509,0.2747771645790181,11.423596215567509,7.308205856260849e-29,1.1449522508141994e-27,"Older age is associated with higher Left-Lateral-Ventricle subcortical volume, after adjustment for sex, education, icv.","Older age is associated with higher Left-Lateral-Ventricle subcortical volume, after adjustment for sex, education, icv.",True,supported,1,fragile,fragile,False,True,0.9400711171573062,0.9400711171573062,0.1764705882352941,0.1764705882352941,weak,,0.1405618781356752,E4_FS8_VS_FASTSURFER_VOLUME_DRIFT,True,fragile,weak,fragile,0.9400711171573062,0.1764705882352941,0.3529411764705882,,-0.1405618781356752,age,high_concordance_fragile_support,volume,ADNI_baseline,atomic roi|age association|age|volume|left lateral ventricle|higher|older age is associated with higher left lateral ventricle subcortical volume after adjustment for sex education icv,7,llm_priority,113,llm_extended
ADNI_BASELINE_FS8_SUBCORTICAL_VOLUME_DX_CN_AD_fb416146ad_group_summary_global_brain_volume,ADNI_BASELINE_FS8_SUBCORTICAL_VOLUME_DX_CN_AD_fb416146ad,group_summary,group_enrichment,ADNI_baseline,pooled,fs8_subcortical_volume,volume,freesurfer8,subcortical,diagnosis_binary_ad_cn,age; sex; education; icv,660,64,,,global_brain_volume,global_brain_volume,,,,lower,mean_abs_t,2.5338454598744407,-0.1869764877323216,,,,"AD-versus-CN effects are concentrated in global brain-volume measures, where 6/16 regions meet support criteria.","AD-versus-CN effects are concentrated in global brain-volume measures, where 6/16 regions meet support criteria.",True,supported,4,stable_and_transferable,insufficient,True,True,0.9809940174873448,0.925732127240644,0.1428571428571428,0.8181818181818182,strong,0.8837495544091634,,E1_ADNI_TO_AIBL_VOLUME_TRANSFER; E2_ADNI_TO_OASIS_VOLUME_TRANSFER; E4_FS8_VS_FASTSURFER_VOLUME_DRIFT; E6_FS8_VOLUME_VS_THICKNESS_SENSITIVITY,True,stable,strong,stable_and_transferable,0.9809940174873448,0.1428571428571428,1.0,0.8837495544091634,,diagnosis_or_cdr,high_concordance_fragile_support,volume,ADNI_baseline,group summary|group enrichment|diagnosis binary ad cn|volume|nan|lower|ad versus cn effects are concentrated in global brain volume measures where 6 16 regions meet support criteria,7,llm_priority,114,llm_extended
OASIS1_BASELINE_FS8_CORTICAL_VOLUME_AGE_6d02af05ab_composite_main,OASIS1_BASELINE_FS8_CORTICAL_VOLUME_AGE_6d02af05ab,composite,age_association,OASIS1_baseline,pooled,fs8_cortical_volume,volume,freesurfer8,cortical_regions,age,sex; education,235,68,,,,,,,,lower,mean_abs_t,6.154449593777963,,,,,"Older age is associated with lower cortical regional volume in temporal, frontal, and occipital regions, after adjustment for sex, education.","Older age is associated with lower cortical regional volume in temporal, frontal, and occipital regions, after adjustment for sex, education.",True,supported,2,transferable_but_drifted,fragile,False,True,0.6861854410810398,0.39309272054051986,0.4285714285714285,0.7142857142857142,strong,,0.7692865955465649,E2_ADNI_TO_OASIS_VOLUME_TRANSFER; E6_FS8_VOLUME_VS_THICKNESS_SENSITIVITY,False,moderate,strong,transferable_but_drifted,0.6861854410810398,0.4285714285714285,1.0,,0.7692865955465649,age,fragile,volume,OASIS1_baseline,composite|age association|age|volume|nan|lower|older age is associated with lower cortical regional volume in temporal frontal and occipital regions after adjustment for sex education,7,llm_priority,115,llm_extended
ADNI_BASELINE_FASTSURFER_SUBCORTICAL_VOLUME_AGE_f50acbcf01_atomic_roi_Right-choroid-plexus,ADNI_BASELINE_FASTSURFER_SUBCORTICAL_VOLUME_AGE_f50acbcf01,atomic_roi,age_association,ADNI_baseline,pooled,fastsurfer_subcortical_volume,volume,fastsurfer,subcortical,age,sex; education; icv,1299,64,Right-choroid-plexus,RH,ventricle_csf,ventricle_csf,,,,higher,t,9.51600757341518,0.2445293549645773,9.51600757341518,8.458960126379779e-21,5.679587513426423e-20,"Older age is associated with higher Right-choroid-plexus subcortical volume, after adjustment for sex, education, icv.","Older age is associated with higher Right-choroid-plexus subcortical volume, after adjustment for sex, education, icv.",True,supported,1,fragile,fragile,False,True,0.9400711171573062,0.9400711171573062,0.1764705882352941,0.1764705882352941,weak,,0.1405618781356752,E4_FS8_VS_FASTSURFER_VOLUME_DRIFT,True,fragile,weak,fragile,0.9400711171573062,0.1764705882352941,0.3529411764705882,,-0.1405618781356752,age,high_concordance_fragile_support,volume,ADNI_baseline,atomic roi|age association|age|volume|right choroid plexus|higher|older age is associated with higher right choroid plexus subcortical volume after adjustment for sex education icv,7,llm_priority,116,llm_extended
ADNI_BASELINE_FS8_CORTICAL_VOLUME_DX_CN_AD_0f6485a0b6_atomic_roi_lh_rostralmiddlefrontal,ADNI_BASELINE_FS8_CORTICAL_VOLUME_DX_CN_AD_0f6485a0b6,atomic_roi,diagnosis_contrast,ADNI_baseline,pooled,fs8_cortical_volume,volume,freesurfer8,cortical_regions,diagnosis_binary_ad_cn,age; sex; education; icv,660,68,lh_rostralmiddlefrontal,LH,frontal,frontal,,,frontal,lower,t,-7.602714720439334,-0.5213598345610768,-7.602714720439334,1.0106763937182737e-13,2.5454072138089853e-13,"AD is associated with lower lh_rostralmiddlefrontal cortical regional volume compared with CN, after adjustment for age, sex, education, icv.","AD is associated with lower lh_rostralmiddlefrontal cortical regional volume compared with CN, after adjustment for age, sex, education, icv.",True,supported,4,stable_and_transferable,fragile,True,True,0.8775150462088591,0.8340267969614841,0.0526315789473684,0.7786561264822134,strong,0.7794241284915825,,E1_ADNI_TO_AIBL_VOLUME_TRANSFER; E2_ADNI_TO_OASIS_VOLUME_TRANSFER; E4_FS8_VS_FASTSURFER_VOLUME_DRIFT; E6_FS8_VOLUME_VS_THICKNESS_SENSITIVITY,True,stable,strong,stable_and_transferable,0.8775150462088591,0.0526315789473684,0.84375,0.7794241284915825,,diagnosis_or_cdr,high_concordance_fragile_support,volume,ADNI_baseline,atomic roi|diagnosis contrast|diagnosis binary ad cn|volume|lh rostralmiddlefrontal|lower|ad is associated with lower lh rostralmiddlefrontal cortical regional volume compared with cn after adjustment for age sex education icv,7,llm_priority,117,llm_extended
ADNI_BASELINE_FS8_CORTICAL_VOLUME_DX_CN_MCI_33363e6dbd_atomic_roi_rh_temporalpole,ADNI_BASELINE_FS8_CORTICAL_VOLUME_DX_CN_MCI_33363e6dbd,atomic_roi,diagnosis_contrast,ADNI_baseline,pooled,fs8_cortical_volume,volume,freesurfer8,cortical_regions,diagnosis_binary_mci_cn,age; sex; education; icv,997,68,rh_temporalpole,RH,temporal,temporal,,,temporal,lower,t,-4.385991818052843,-0.2774550282337168,-4.385991818052843,1.2780567586675422e-05,5.431741224337054e-05,"MCI is associated with lower rh_temporalpole cortical regional volume compared with CN, after adjustment for age, sex, education, icv.","MCI is associated with lower rh_temporalpole cortical regional volume compared with CN, after adjustment for age, sex, education, icv.",True,supported,3,fragile,insufficient,False,True,0.896351136964569,0.6528228423101882,0.0256410256410256,0.4814814814814814,weak,0.5672425947566304,,E1_ADNI_TO_AIBL_VOLUME_TRANSFER; E4_FS8_VS_FASTSURFER_VOLUME_DRIFT; E6_FS8_VOLUME_VS_THICKNESS_SENSITIVITY,True,fragile,weak,fragile,0.896351136964569,0.0256410256410256,0.1875,0.5672425947566304,,diagnosis_or_cdr,high_concordance_fragile_support,volume,ADNI_baseline,atomic roi|diagnosis contrast|diagnosis binary mci cn|volume|rh temporalpole|lower|mci is associated with lower rh temporalpole cortical regional volume compared with cn after adjustment for age sex education icv,7,llm_priority,118,llm_extended
ADNI_BASELINE_FASTSURFER_SUBCORTICAL_VOLUME_AGE_f50acbcf01_atomic_roi_CSF,ADNI_BASELINE_FASTSURFER_SUBCORTICAL_VOLUME_AGE_f50acbcf01,atomic_roi,age_association,ADNI_baseline,pooled,fastsurfer_subcortical_volume,volume,fastsurfer,subcortical,age,sex; education; icv,1299,64,CSF,,ventricle_csf,ventricle_csf,,,,higher,t,9.413467589388048,0.240688942494317,9.413467589388048,2.1174663457881886e-20,1.1057879805782765e-19,"Older age is associated with higher CSF subcortical volume, after adjustment for sex, education, icv.","Older age is associated with higher CSF subcortical volume, after adjustment for sex, education, icv.",True,supported,1,fragile,fragile,False,True,0.9400711171573062,0.9400711171573062,0.1764705882352941,0.1764705882352941,weak,,0.1405618781356752,E4_FS8_VS_FASTSURFER_VOLUME_DRIFT,True,fragile,weak,fragile,0.9400711171573062,0.1764705882352941,0.3529411764705882,,-0.1405618781356752,age,high_concordance_fragile_support,volume,ADNI_baseline,atomic roi|age association|age|volume|csf|higher|older age is associated with higher csf subcortical volume after adjustment for sex education icv,7,llm_priority,119,llm_extended
OASIS1_BASELINE_FS8_THICKNESS_KONG200_17_MMSE_f3b5d0d703_composite_main,OASIS1_BASELINE_FS8_THICKNESS_KONG200_17_MMSE_f3b5d0d703,composite,mmse_association,OASIS1_baseline,pooled,fs8_thickness_kong200_17,thickness,freesurfer8,kong200_17network,mmse,age; sex; education,235,202,,,,,,,,higher,mean_abs_t,6.217587329229269,,,,,"Higher MMSE is associated with higher Kong 200 17-network cortical thickness in Default, Cont, and SalVentAttn network parcels, after adjustment for age, sex, education.","Higher MMSE is associated with higher Kong 200 17-network cortical thickness in Default, Cont, and SalVentAttn network parcels, after adjustment for age, sex, education.",True,supported,2,stable_not_transferable,insufficient,False,False,0.942857142857143,0.7714285714285715,1.0,1.0,insufficient,,,E5_FS8_THICKNESS_ATLAS_SENSITIVITY,False,stable,insufficient,stable_not_transferable,0.942857142857143,1.0,1.0,,,mmse,stable_not_transferable,thickness,OASIS1_baseline,composite|mmse association|mmse|thickness|nan|higher|higher mmse is associated with higher kong 200 17 network cortical thickness in default cont and salventattn network parcels after adjustment for age sex educat,7,llm_priority,120,llm_extended
